<?xml version="1.0" encoding="UTF-8"?>
<cpq_package version="2.0.1.0">
  <filename>CP055408.zip</filename>
  <divisions>
    <division key="65">
      <division_xlate lang="en">Networking</division_xlate>
      <division_xlate lang="cn">网络</division_xlate>
      <division_xlate lang="ja">ネットワーク</division_xlate>
      <division_xlate lang="ko">네트워킹</division_xlate>
      <division_xlate lang="tw">網路</division_xlate>
    </division>
    <division key="6">
      <division_xlate lang="en">Server</division_xlate>
      <division_xlate lang="cn">服务器</division_xlate>
      <division_xlate lang="ja">サーバ</division_xlate>
      <division_xlate lang="ko">서버</division_xlate>
      <division_xlate lang="tw">伺服器</division_xlate>
    </division>
    <division key="68">
      <division_xlate lang="en">ServerOptions</division_xlate>
      <division_xlate lang="cn">服务器选项</division_xlate>
      <division_xlate lang="ja">サーバ オプション</division_xlate>
      <division_xlate lang="ko">서버 옵션</division_xlate>
      <division_xlate lang="tw">ServerOptions</division_xlate>
    </division>
  </divisions>
  <operating_systems>
    <operating_system key="">
      <operating_system_xlate>VMware ESXi 8.0</operating_system_xlate>
    </operating_system>
  </operating_systems>
  <products>
    <product rom="A42"/>
    <product rom="A40"/>
    <product rom="U46"/>
    <product rom="A42"/>
    <product rom="U46"/>
    <product rom="A43"/>
    <product rom="A43"/>
    <product rom="A43"/>
    <product rom="A41"/>
    <product rom="A47"/>
    <product rom="A48"/>
    <product rom="U50"/>
    <product rom="U47"/>
    <product rom="A46"/>
    <product rom="U47"/>
    <product rom="U47"/>
    <product rom="U47"/>
    <product rom="U50"/>
    <product rom="U46"/>
    <product rom=""/>
    <product rom="A42"/>
    <product rom="U34"/>
    <product rom="U34"/>
    <product rom="U30"/>
    <product rom="P89"/>
    <product rom="U32"/>
    <product rom="P89"/>
    <product rom="U36"/>
    <product rom="U22"/>
    <product rom="U41"/>
    <product rom="U40"/>
    <product rom="U38"/>
    <product rom="U38"/>
    <product rom=""/>
    <product rom="U39"/>
    <product rom="U19"/>
    <product rom="U56"/>
    <product rom="U61"/>
    <product rom="U45"/>
    <product rom="U25"/>
    <product rom="U37"/>
    <product rom="U39"/>
  </products>
  <category key="2900095">
    <category_xlate lang="en">Firmware - Network</category_xlate>
    <category_xlate lang="cn">固件 - 网络</category_xlate>
    <category_xlate lang="ja">ファームウェア - ネットワーク</category_xlate>
    <category_xlate lang="ko">펌웨어 - 네트워크</category_xlate>
    <category_xlate lang="tw">韌體 ─ 網路</category_xlate>
  </category>
  <id product="ac4d46dcda694f51abe34e6378a53487" version="e184b20772f2400a817db06cce2a2a6d"/>
  <name>
    <name_xlate lang="en">Online Firmware Upgrade Utility (ESXi 8.0) for HPE Mellanox Ethernet only adapters</name_xlate>
    <name_xlate lang="cn">Online Firmware Upgrade Utility (ESXi 8.0) for HPE Mellanox Ethernet only adapters</name_xlate>
    <name_xlate lang="ja">Online Firmware Upgrade Utility (ESXi 8.0) for HPE Mellanox Ethernet only adapters</name_xlate>
    <name_xlate lang="ko">Online Firmware Upgrade Utility (ESXi 8.0) for HPE Mellanox Ethernet only adapters</name_xlate>
    <name_xlate lang="tw">Online Firmware Upgrade Utility (ESXi 8.0) for HPE Mellanox Ethernet only adapters</name_xlate>
  </name>
  <alt_name>
    <alt_name_xlate lang="en">Online Firmware Upgrade Utility (ESXi 8.0) for HPE Mellanox Ethernet only adapters</alt_name_xlate>
    <alt_name_xlate lang="cn">Online Firmware Upgrade Utility (ESXi 8.0) for HPE Mellanox Ethernet only adapters</alt_name_xlate>
    <alt_name_xlate lang="ja">Online Firmware Upgrade Utility (ESXi 8.0) for HPE Mellanox Ethernet only adapters</alt_name_xlate>
    <alt_name_xlate lang="ko">Online Firmware Upgrade Utility (ESXi 8.0) for HPE Mellanox Ethernet only adapters</alt_name_xlate>
    <alt_name_xlate lang="tw">Online Firmware Upgrade Utility (ESXi 8.0) for HPE Mellanox Ethernet only adapters</alt_name_xlate>
  </alt_name>
  <version value="1.0.2" revision="" type_of_change="1"/>
  <manufacturer_name>
    <manufacturer_name_xlate lang="en">Hewlett Packard Enterprise</manufacturer_name_xlate>
    <manufacturer_name_xlate lang="cn">惠普企业</manufacturer_name_xlate>
    <manufacturer_name_xlate lang="ja">Hewlett Packard Enterprise</manufacturer_name_xlate>
    <manufacturer_name_xlate lang="ko">Hewlett Packard Enterprise</manufacturer_name_xlate>
    <manufacturer_name_xlate lang="tw">Hewlett Packard Enterprise</manufacturer_name_xlate>
  </manufacturer_name>
  <languages langlist="en">
    <languages_xlate lang="en">English (US)</languages_xlate>
    <languages_xlate lang="ja">英語（US）</languages_xlate>
    <languages_xlate lang="ko">영어(미국)</languages_xlate>
    <languages_xlate lang="cn">英语（美国）</languages_xlate>
    <languages_xlate lang="tw">美式英文</languages_xlate>
  </languages>
  <release_date year="2022" month="12" day="22" hour="9" minute="37" second="16"/>
  <description>
    <description_xlate lang="en">
<![CDATA[This package contains the utilities and binaries for upgrading HPE Mellanox Ethernet only adapter firmware on ESXi 8.0.]]>
</description_xlate>
    <description_xlate lang="cn">
<![CDATA[This package contains the utilities and binaries for upgrading HPE Mellanox Ethernet only adapter firmware on ESXi 8.0.]]>
</description_xlate>
    <description_xlate lang="ja">
<![CDATA[This package contains the utilities and binaries for upgrading HPE Mellanox Ethernet only adapter firmware on ESXi 8.0.]]>
</description_xlate>
    <description_xlate lang="ko">
<![CDATA[This package contains the utilities and binaries for upgrading HPE Mellanox Ethernet only adapter firmware on ESXi 8.0.]]>
</description_xlate>
    <description_xlate lang="tw">
<![CDATA[This package contains the utilities and binaries for upgrading HPE Mellanox Ethernet only adapter firmware on ESXi 8.0.]]>
</description_xlate>
  </description>
  <prerequisite_notes>
    <prerequisite_notes_xlate lang="en">
      <prerequisite_notes_xlate_part>
<![CDATA[<p>Use iLO5 firmware version 2.30 or higher with ConnectX4-Lx/ConnectX5&nbsp;firmware version 14.32.1010/16.32.1010 (or later) respectively. Thermal sensor reporting on the adapter will not be functional with older versions of iLO5 firmware.</p>
]]>
</prerequisite_notes_xlate_part>
    </prerequisite_notes_xlate>
    <prerequisite_notes_xlate lang="cn">
      <prerequisite_notes_xlate_part>
<![CDATA[<p>Use iLO5 firmware version 2.30 or higher with ConnectX4-Lx/ConnectX5&nbsp;firmware version 14.32.1010/16.32.1010 (or later) respectively. Thermal sensor reporting on the adapter will not be functional with older versions of iLO5 firmware.</p>
]]>
</prerequisite_notes_xlate_part>
    </prerequisite_notes_xlate>
    <prerequisite_notes_xlate lang="ja">
      <prerequisite_notes_xlate_part>
<![CDATA[<p>ConnectX4-Lx/ConnectX5ファームウェアバージョン14.32.1010/16.32.1010（またはそれ以降）では、iLO5ファームウェアバージョン2.30以降を使用します。アダプターの温度センサーレポートは、古いバージョンのiLO5ファームウェアで機能しません。</p>
]]>
</prerequisite_notes_xlate_part>
    </prerequisite_notes_xlate>
    <prerequisite_notes_xlate lang="ko">
      <prerequisite_notes_xlate_part>
<![CDATA[<p>Use iLO5 firmware version 2.30 or higher with ConnectX4-Lx/ConnectX5&nbsp;firmware version 14.32.1010/16.32.1010 (or later) respectively. Thermal sensor reporting on the adapter will not be functional with older versions of iLO5 firmware.</p>
]]>
</prerequisite_notes_xlate_part>
    </prerequisite_notes_xlate>
    <prerequisite_notes_xlate lang="tw">
      <prerequisite_notes_xlate_part>
<![CDATA[<p>Use iLO5 firmware version 2.30 or higher with ConnectX4-Lx/ConnectX5&nbsp;firmware version 14.32.1010/16.32.1010 (or later) respectively. Thermal sensor reporting on the adapter will not be functional with older versions of iLO5 firmware.</p>
]]>
</prerequisite_notes_xlate_part>
    </prerequisite_notes_xlate>
  </prerequisite_notes>
  <installation_notes>
    <installation_notes_xlate lang="en">
      <installation_notes_xlate_part>
<![CDATA[<p><strong>Offline: &nbsp; &nbsp;&nbsp;</strong><br />
&nbsp; &nbsp; SPP Offline mode boots a special Linux OS environment, thus the Linux Smart Components are used, not the VMware Smart Components.</p>

<p>&nbsp;</p>

<p><strong>Remote Online, if the component is supported by SUM but is not yet part of an SPP:</strong><br />
&nbsp; &nbsp; Download the appropriate SPP<br />
&nbsp; &nbsp; Add the component to the SPP &nbsp; &nbsp;<br />
&nbsp; &nbsp; Mount the SPP on a remote server running Windows or Linux that has a network connection to the ESXi host to be updated<br />
&nbsp; &nbsp; Run SUM<br />
&nbsp; &nbsp; Add the ESXi host to be updated as a remote target/node &nbsp;<br />
&nbsp; &nbsp; Enter IP or DNS address of the ESXi host to be updated &nbsp;<br />
&nbsp; &nbsp; Enter the ESXi host credentials (root or administrator username and password) &nbsp;<br />
&nbsp; &nbsp; For SUM 6.0 and newer, select both the Additional Package with the added component and the SPP Baseline on the node Inventory page.<br />
&nbsp; &nbsp; Follow Smart Update Manager Steps to complete the firmware update<br />
&nbsp; &nbsp; Refer to the SPP documentation for detailed instructions at:&nbsp;<a href="https://techlibrary.hpe.com/us/en/enterprise/servers/products/service_pack/spp/index.aspx">https://techlibrary.hpe.com/us/en/enterprise/servers/products/service_pack/spp/index.aspx</a></p>

<p>&nbsp;</p>

<p><strong>Note</strong>: While updating firmware using SUM, &quot;View Devices&quot; option on the review page does not list the exact name of the adapter. This is an expected behavior and does not affect the functionality of the component.</p>

<p>&nbsp;</p>

<p><strong>To use HPE Insight Control for vCenter: &nbsp;</strong><br />
&nbsp; &nbsp; Log in to the vSphere Client &nbsp; &nbsp;&nbsp;<br />
&nbsp; &nbsp; Select a server or cluster in the inventory tree &nbsp;<br />
&nbsp; &nbsp; Click the HPE Insight Management tab &nbsp; &nbsp;<br />
&nbsp; &nbsp; Follow Insight Control for vCenter steps to update firmware using a Smart Component</p>

<p>&nbsp;</p>

<p><strong>To update firmware from VMware ESXi operating system on target server:</strong>&nbsp;</p>

<p style="margin-left:40px">Enable SSH on the ESXi host.<br />
Login as root. (You must be logged in as root user in order to apply the update)&nbsp;<br />
Place the Smart Component in a temporary directory (Example /tmp/)<br />
Check if nmst module is loaded already using the command: vmkload_mod -l | grep nmst<br />
If the module is not loaded, use this command to load the module: vmkload_mod nmst<br />
<br />
Unzip the component.</p>

<p style="margin-left:80px"># unzip CPXXXXXX.zip</p>

<p style="margin-left:80px">&nbsp;</p>

<p style="margin-left:80px">From the same directory, update the firmware using legacy Smart Component by executing vmexe64 file:</p>

<p style="margin-left:80px">&nbsp;</p>

<p style="margin-left:80px"># ./CPXXXXXX.vmexe64</p>

<p style="margin-left:80px">&nbsp;</p>

<p style="margin-left:80px">OR</p>

<p style="margin-left:80px">&nbsp;</p>

<p style="margin-left:80px">Follow&nbsp;below steps to update the firmware using signed VIB:</p>

<p style="margin-left:80px">&nbsp;</p>

<p style="margin-left:80px"># esxcli software component apply -d /tmp/CPXXXXXX_VMw.zip</p>

<p style="margin-left:80px">Note : add&nbsp; --no-sig-check to signature checking needs to be skipped.</p>

<p style="margin-left:80px">&nbsp;</p>

<p style="margin-left:80px"># cd /opt/Smart_Component/CP0XXXXX/</p>

<p style="margin-left:80px">&nbsp;</p>

<p style="margin-left:80px"># Update the firmware by running the command &quot;./Execute_Component -s -f&quot;<br />
&nbsp;</p>

<p style="margin-left:80px">Follow the directions given by the Smart Component.</p>

<p style="margin-left:80px">&nbsp;</p>

<p style="margin-left:80px">Logout.</p>

<p style="margin-left:80px">&nbsp;</p>

<p style="margin-left:80px">Disable SSH on the ESXi host.</p>

<p style="margin-left:80px">&nbsp;</p>

<p style="margin-left:80px">Reboot your system, if required, for the firmware update to take effect.</p>
]]>
</installation_notes_xlate_part>
    </installation_notes_xlate>
    <installation_notes_xlate lang="cn">
      <installation_notes_xlate_part>
<![CDATA[<p><strong>Offline: &nbsp; &nbsp;&nbsp;</strong><br />
&nbsp; &nbsp; SPP Offline mode boots a special Linux OS environment, thus the Linux Smart Components are used, not the VMware Smart Components.</p>

<p>&nbsp;</p>

<p><strong>Remote Online, if the component is supported by SUM but is not yet part of an SPP:</strong><br />
&nbsp; &nbsp; Download the appropriate SPP<br />
&nbsp; &nbsp; Add the component to the SPP &nbsp; &nbsp;<br />
&nbsp; &nbsp; Mount the SPP on a remote server running Windows or Linux that has a network connection to the ESXi host to be updated<br />
&nbsp; &nbsp; Run SUM<br />
&nbsp; &nbsp; Add the ESXi host to be updated as a remote target/node &nbsp;<br />
&nbsp; &nbsp; Enter IP or DNS address of the ESXi host to be updated &nbsp;<br />
&nbsp; &nbsp; Enter the ESXi host credentials (root or administrator username and password) &nbsp;<br />
&nbsp; &nbsp; For SUM 6.0 and newer, select both the Additional Package with the added component and the SPP Baseline on the node Inventory page.<br />
&nbsp; &nbsp; Follow Smart Update Manager Steps to complete the firmware update<br />
&nbsp; &nbsp; Refer to the SPP documentation for detailed instructions at:&nbsp;<a href="https://techlibrary.hpe.com/us/en/enterprise/servers/products/service_pack/spp/index.aspx">https://techlibrary.hpe.com/us/en/enterprise/servers/products/service_pack/spp/index.aspx</a></p>

<p>&nbsp;</p>

<p><strong>Note</strong>: While updating firmware using SUM, &quot;View Devices&quot; option on the review page does not list the exact name of the adapter. This is an expected behavior and does not affect the functionality of the component.</p>

<p>&nbsp;</p>

<p><strong>To use HPE Insight Control for vCenter: &nbsp;</strong><br />
&nbsp; &nbsp; Log in to the vSphere Client &nbsp; &nbsp;&nbsp;<br />
&nbsp; &nbsp; Select a server or cluster in the inventory tree &nbsp;<br />
&nbsp; &nbsp; Click the HPE Insight Management tab &nbsp; &nbsp;<br />
&nbsp; &nbsp; Follow Insight Control for vCenter steps to update firmware using a Smart Component</p>

<p>&nbsp;</p>

<p><strong>To update firmware from VMware ESXi operating system on target server:</strong>&nbsp;</p>

<p style="margin-left:40px">Enable SSH on the ESXi host.<br />
Login as root. (You must be logged in as root user in order to apply the update)&nbsp;<br />
Place the Smart Component in a temporary directory (Example /tmp/)<br />
Check if nmst module is loaded already using the command: vmkload_mod -l | grep nmst<br />
If the module is not loaded, use this command to load the module: vmkload_mod nmst<br />
<br />
Unzip the component.</p>

<p style="margin-left:80px"># unzip CPXXXXXX.zip</p>

<p style="margin-left:80px">&nbsp;</p>

<p style="margin-left:80px">From the same directory, update the firmware using legacy Smart Component by executing vmexe64 file:</p>

<p style="margin-left:80px">&nbsp;</p>

<p style="margin-left:80px"># ./CPXXXXXX.vmexe64</p>

<p style="margin-left:80px">&nbsp;</p>

<p style="margin-left:80px">OR</p>

<p style="margin-left:80px">&nbsp;</p>

<p style="margin-left:80px">Follow&nbsp;below steps to update the firmware using signed VIB:</p>

<p style="margin-left:80px">&nbsp;</p>

<p style="margin-left:80px"># esxcli software component apply -d /tmp/CPXXXXXX_VMw.zip</p>

<p style="margin-left:80px">Note : add&nbsp; --no-sig-check to signature checking needs to be skipped.</p>

<p style="margin-left:80px">&nbsp;</p>

<p style="margin-left:80px"># cd /opt/Smart_Component/CP0XXXXX/</p>

<p style="margin-left:80px">&nbsp;</p>

<p style="margin-left:80px"># Update the firmware by running the command &quot;./Execute_Component -s -f&quot;<br />
&nbsp;</p>

<p style="margin-left:80px">Follow the directions given by the Smart Component.</p>

<p style="margin-left:80px">&nbsp;</p>

<p style="margin-left:80px">Logout.</p>

<p style="margin-left:80px">&nbsp;</p>

<p style="margin-left:80px">Disable SSH on the ESXi host.</p>

<p style="margin-left:80px">&nbsp;</p>

<p style="margin-left:80px">Reboot your system, if required, for the firmware update to take effect.</p>
]]>
</installation_notes_xlate_part>
    </installation_notes_xlate>
    <installation_notes_xlate lang="ja">
      <installation_notes_xlate_part>
<![CDATA[<p><strong>オフライン：    </strong><br />
    SPPオフラインモードは特別なLinux OS環境を起動します。したがって、VMware Smartコンポーネントではなく、Linux Smartコンポーネントが使用されます。</p>

<p> </p>

<p><strong>Remote Online、コンポーネントがSUMでサポートされているが、まだSPPの一部ではない場合:</strong><br />
    適切なSPPをダウンロードします<br />
    SPPにコンポーネントを追加します。   <br />
    アップデート対象のESXiホストへのネットワーク接続を持つWindowsまたはLinuxを実行しているリモートサーバー上でSPPをマウントします<br />
    SUMを実行します<br />
    リモートターゲット/ノードとしてアップデート対象のESXiホストを追加します  <br />
    アップデート対象のESXiホストのIPまたはDNSアドレスを入力します。 <br />
    ESXiホスト認証情報（rootまたは管理者ユーザー名およびパスワード）を入力します  <br />
    SUM 6.0以降の場合は、ノードインベントリページで追加されたコンポーネントおよびSPPベースラインの両方の追加パッケージを選択します。<br />
    ファームウェアのアップデートを完了するために、Smart Update Managerの指示に従います<br />
    詳細な手順については、SPPのドキュメントを参照してください。<a href="https://techlibrary.hpe.com/us/en/enterprise/servers/products/service_pack/spp/index.aspx">https://techlibrary.hpe.com/us/en/enterprise/servers/products/service_pack/spp/index.aspx</a></p>

<p> </p>

<p><strong>注記：</strong>SUMを使用してファームウェアをアップデートしている間に、レビューページの"View Devices"オプションが、アダプター名のリストにありません。これは予測される動作で、コンポーネントの機能に影響を与えません。</p>

<p> </p>

<p><strong>HPE Insight Control for vCenterを使用するには、以下の手順に従ってください:  </strong><br />
    vSphereクライアントにログインします。    <br />
    インベントリツリーのサーバーまたはクラスターを選択します。 <br />
    HPE Insight Managementタブをクリックします    <br />
    Insight Control for VMware vCenterの指示に従ってSmartコンポーネントを使いファームウェアのアップデートを行います</p>

<p> </p>

<p><strong>ターゲットサーバー上のVMware ESXiオペレーティングシステムからファームウェアをアップデートするには、以下の手順に従ってください。</strong> </p>

<p style="margin-left:40px">ESXiホストでSSHを有効にします。<br />
rootとしてログインします。（アップデートを適用するにはrootユーザーとしてログインする必要があります） <br />
Smartコンポーネントを一時ディレクトリに置きます（例：/tmp/）<br />
次のコマンドを使用して、nmstモジュールがすでにロードされているかどうかチェックします：vmkload_mod -l | grep nmst<br />
モジュールがロードされていない場合、次のコマンドを使用してモジュールをロードします：vmkload_mod nmst<br />
<br />
コンポーネントを解凍します。</p>

<p style="margin-left:80px"># unzip CPXXXXXX.zip</p>

<p style="margin-left:80px"> </p>

<p style="margin-left:80px">同じディレクトリから、vmexe64ファイルを実行して、レガシーSmartコンポーネントを使用してファームウェアをアップデートします。</p>

<p style="margin-left:80px"> </p>

<p style="margin-left:80px"># ./CPXXXXXX.vmexe64</p>

<p style="margin-left:80px"> </p>

<p style="margin-left:80px">または</p>

<p style="margin-left:80px"> </p>

<p style="margin-left:80px">以下の手順に従って、署名されたVIBを使用してファームウェアをアップデートします。</p>

<p style="margin-left:80px"> </p>

<p style="margin-left:80px"># esxcli software component apply -d /tmp/CPXXXXXX_VMw.zip</p>

<p style="margin-left:80px">注記：署名チェックをスキップする必要がある場合は--no-sig-checkを追加します。</p>

<p style="margin-left:80px"> </p>

<p style="margin-left:80px"># cd /opt/Smart_Component/CP0XXXXX/</p>

<p style="margin-left:80px"> </p>

<p style="margin-left:80px"># コマンド"./Execute_Component -s -f"を実行して、ファームウェアをアップデートします<br />
 </p>

<p style="margin-left:80px">Smartコンポーネントの指示に従います。</p>

<p style="margin-left:80px"> </p>

<p style="margin-left:80px">ログアウトします。</p>

<p style="margin-left:80px"> </p>

<p style="margin-left:80px">ESXiホストでSSHを無効にします。</p>

<p style="margin-left:80px"> </p>

<p style="margin-left:80px">必要に応じてシステムを再起動し、ファームウェアのアップデートを有効にします。</p>
]]>
</installation_notes_xlate_part>
    </installation_notes_xlate>
    <installation_notes_xlate lang="ko">
      <installation_notes_xlate_part>
<![CDATA[<p><strong>Offline: &nbsp; &nbsp;&nbsp;</strong><br />
&nbsp; &nbsp; SPP Offline mode boots a special Linux OS environment, thus the Linux Smart Components are used, not the VMware Smart Components.</p>

<p>&nbsp;</p>

<p><strong>Remote Online, if the component is supported by SUM but is not yet part of an SPP:</strong><br />
&nbsp; &nbsp; Download the appropriate SPP<br />
&nbsp; &nbsp; Add the component to the SPP &nbsp; &nbsp;<br />
&nbsp; &nbsp; Mount the SPP on a remote server running Windows or Linux that has a network connection to the ESXi host to be updated<br />
&nbsp; &nbsp; Run SUM<br />
&nbsp; &nbsp; Add the ESXi host to be updated as a remote target/node &nbsp;<br />
&nbsp; &nbsp; Enter IP or DNS address of the ESXi host to be updated &nbsp;<br />
&nbsp; &nbsp; Enter the ESXi host credentials (root or administrator username and password) &nbsp;<br />
&nbsp; &nbsp; For SUM 6.0 and newer, select both the Additional Package with the added component and the SPP Baseline on the node Inventory page.<br />
&nbsp; &nbsp; Follow Smart Update Manager Steps to complete the firmware update<br />
&nbsp; &nbsp; Refer to the SPP documentation for detailed instructions at:&nbsp;<a href="https://techlibrary.hpe.com/us/en/enterprise/servers/products/service_pack/spp/index.aspx">https://techlibrary.hpe.com/us/en/enterprise/servers/products/service_pack/spp/index.aspx</a></p>

<p>&nbsp;</p>

<p><strong>Note</strong>: While updating firmware using SUM, &quot;View Devices&quot; option on the review page does not list the exact name of the adapter. This is an expected behavior and does not affect the functionality of the component.</p>

<p>&nbsp;</p>

<p><strong>To use HPE Insight Control for vCenter: &nbsp;</strong><br />
&nbsp; &nbsp; Log in to the vSphere Client &nbsp; &nbsp;&nbsp;<br />
&nbsp; &nbsp; Select a server or cluster in the inventory tree &nbsp;<br />
&nbsp; &nbsp; Click the HPE Insight Management tab &nbsp; &nbsp;<br />
&nbsp; &nbsp; Follow Insight Control for vCenter steps to update firmware using a Smart Component</p>

<p>&nbsp;</p>

<p><strong>To update firmware from VMware ESXi operating system on target server:</strong>&nbsp;</p>

<p style="margin-left:40px">Enable SSH on the ESXi host.<br />
Login as root. (You must be logged in as root user in order to apply the update)&nbsp;<br />
Place the Smart Component in a temporary directory (Example /tmp/)<br />
Check if nmst module is loaded already using the command: vmkload_mod -l | grep nmst<br />
If the module is not loaded, use this command to load the module: vmkload_mod nmst<br />
<br />
Unzip the component.</p>

<p style="margin-left:80px"># unzip CPXXXXXX.zip</p>

<p style="margin-left:80px">&nbsp;</p>

<p style="margin-left:80px">From the same directory, update the firmware using legacy Smart Component by executing vmexe64 file:</p>

<p style="margin-left:80px">&nbsp;</p>

<p style="margin-left:80px"># ./CPXXXXXX.vmexe64</p>

<p style="margin-left:80px">&nbsp;</p>

<p style="margin-left:80px">OR</p>

<p style="margin-left:80px">&nbsp;</p>

<p style="margin-left:80px">Follow&nbsp;below steps to update the firmware using signed VIB:</p>

<p style="margin-left:80px">&nbsp;</p>

<p style="margin-left:80px"># esxcli software component apply -d /tmp/CPXXXXXX_VMw.zip</p>

<p style="margin-left:80px">Note : add&nbsp; --no-sig-check to signature checking needs to be skipped.</p>

<p style="margin-left:80px">&nbsp;</p>

<p style="margin-left:80px"># cd /opt/Smart_Component/CP0XXXXX/</p>

<p style="margin-left:80px">&nbsp;</p>

<p style="margin-left:80px"># Update the firmware by running the command &quot;./Execute_Component -s -f&quot;<br />
&nbsp;</p>

<p style="margin-left:80px">Follow the directions given by the Smart Component.</p>

<p style="margin-left:80px">&nbsp;</p>

<p style="margin-left:80px">Logout.</p>

<p style="margin-left:80px">&nbsp;</p>

<p style="margin-left:80px">Disable SSH on the ESXi host.</p>

<p style="margin-left:80px">&nbsp;</p>

<p style="margin-left:80px">Reboot your system, if required, for the firmware update to take effect.</p>
]]>
</installation_notes_xlate_part>
    </installation_notes_xlate>
    <installation_notes_xlate lang="tw">
      <installation_notes_xlate_part>
<![CDATA[<p><strong>Offline: &nbsp; &nbsp;&nbsp;</strong><br />
&nbsp; &nbsp; SPP Offline mode boots a special Linux OS environment, thus the Linux Smart Components are used, not the VMware Smart Components.</p>

<p>&nbsp;</p>

<p><strong>Remote Online, if the component is supported by SUM but is not yet part of an SPP:</strong><br />
&nbsp; &nbsp; Download the appropriate SPP<br />
&nbsp; &nbsp; Add the component to the SPP &nbsp; &nbsp;<br />
&nbsp; &nbsp; Mount the SPP on a remote server running Windows or Linux that has a network connection to the ESXi host to be updated<br />
&nbsp; &nbsp; Run SUM<br />
&nbsp; &nbsp; Add the ESXi host to be updated as a remote target/node &nbsp;<br />
&nbsp; &nbsp; Enter IP or DNS address of the ESXi host to be updated &nbsp;<br />
&nbsp; &nbsp; Enter the ESXi host credentials (root or administrator username and password) &nbsp;<br />
&nbsp; &nbsp; For SUM 6.0 and newer, select both the Additional Package with the added component and the SPP Baseline on the node Inventory page.<br />
&nbsp; &nbsp; Follow Smart Update Manager Steps to complete the firmware update<br />
&nbsp; &nbsp; Refer to the SPP documentation for detailed instructions at:&nbsp;<a href="https://techlibrary.hpe.com/us/en/enterprise/servers/products/service_pack/spp/index.aspx">https://techlibrary.hpe.com/us/en/enterprise/servers/products/service_pack/spp/index.aspx</a></p>

<p>&nbsp;</p>

<p><strong>Note</strong>: While updating firmware using SUM, &quot;View Devices&quot; option on the review page does not list the exact name of the adapter. This is an expected behavior and does not affect the functionality of the component.</p>

<p>&nbsp;</p>

<p><strong>To use HPE Insight Control for vCenter: &nbsp;</strong><br />
&nbsp; &nbsp; Log in to the vSphere Client &nbsp; &nbsp;&nbsp;<br />
&nbsp; &nbsp; Select a server or cluster in the inventory tree &nbsp;<br />
&nbsp; &nbsp; Click the HPE Insight Management tab &nbsp; &nbsp;<br />
&nbsp; &nbsp; Follow Insight Control for vCenter steps to update firmware using a Smart Component</p>

<p>&nbsp;</p>

<p><strong>To update firmware from VMware ESXi operating system on target server:</strong>&nbsp;</p>

<p style="margin-left:40px">Enable SSH on the ESXi host.<br />
Login as root. (You must be logged in as root user in order to apply the update)&nbsp;<br />
Place the Smart Component in a temporary directory (Example /tmp/)<br />
Check if nmst module is loaded already using the command: vmkload_mod -l | grep nmst<br />
If the module is not loaded, use this command to load the module: vmkload_mod nmst<br />
<br />
Unzip the component.</p>

<p style="margin-left:80px"># unzip CPXXXXXX.zip</p>

<p style="margin-left:80px">&nbsp;</p>

<p style="margin-left:80px">From the same directory, update the firmware using legacy Smart Component by executing vmexe64 file:</p>

<p style="margin-left:80px">&nbsp;</p>

<p style="margin-left:80px"># ./CPXXXXXX.vmexe64</p>

<p style="margin-left:80px">&nbsp;</p>

<p style="margin-left:80px">OR</p>

<p style="margin-left:80px">&nbsp;</p>

<p style="margin-left:80px">Follow&nbsp;below steps to update the firmware using signed VIB:</p>

<p style="margin-left:80px">&nbsp;</p>

<p style="margin-left:80px"># esxcli software component apply -d /tmp/CPXXXXXX_VMw.zip</p>

<p style="margin-left:80px">Note : add&nbsp; --no-sig-check to signature checking needs to be skipped.</p>

<p style="margin-left:80px">&nbsp;</p>

<p style="margin-left:80px"># cd /opt/Smart_Component/CP0XXXXX/</p>

<p style="margin-left:80px">&nbsp;</p>

<p style="margin-left:80px"># Update the firmware by running the command &quot;./Execute_Component -s -f&quot;<br />
&nbsp;</p>

<p style="margin-left:80px">Follow the directions given by the Smart Component.</p>

<p style="margin-left:80px">&nbsp;</p>

<p style="margin-left:80px">Logout.</p>

<p style="margin-left:80px">&nbsp;</p>

<p style="margin-left:80px">Disable SSH on the ESXi host.</p>

<p style="margin-left:80px">&nbsp;</p>

<p style="margin-left:80px">Reboot your system, if required, for the firmware update to take effect.</p>
]]>
</installation_notes_xlate_part>
    </installation_notes_xlate>
  </installation_notes>
  <availability_notes/>
  <documentation_notes>
    <documentation_notes_xlate lang="en">
      <documentation_notes_xlate_part>
<![CDATA[<p>This software package contains the following firmware versions:</p>

<table border="1" cellpadding="1" cellspacing="1">
	<tbody>
		<tr>
			<td><strong>Mellanox Ethernet Only Adapters</strong></td>
			<td><strong>Firmware Version</strong></td>
			<td><strong>PSID</strong></td>
		</tr>
		<tr>
			<td>HPE Ethernet 10Gb 2-port 546SFP+ Adapter (779793-B21)</td>
			<td>2.42.5044</td>
			<td>HP_1200111023</td>
		</tr>
		<tr>
			<td>HPE Ethernet 10Gb 2-port 546FLR-SFP+ Adapter (779799-B21)</td>
			<td>2.42.5044</td>
			<td>HP_2240110004</td>
		</tr>
		<tr>
			<td>HPE Ethernet 25Gb 2-port 640FLR-SFP28 Adapter (817749-B21)</td>
			<td>14.32.1010</td>
			<td>HP_2690110034</td>
		</tr>
		<tr>
			<td>HPE Ethernet 25Gb 2-port 640SFP28 Adapter (817753-B21)</td>
			<td>14.32.1010</td>
			<td>HP_2420110034</td>
		</tr>
		<tr>
			<td>HPE Ethernet 100Gb 1-port 842QSFP28 Adapter&nbsp;(874253-B21)</td>
			<td>16.35.1012</td>
			<td>HPE0000000014</td>
		</tr>
	</tbody>
</table>
]]>
</documentation_notes_xlate_part>
    </documentation_notes_xlate>
    <documentation_notes_xlate lang="cn">
      <documentation_notes_xlate_part>
<![CDATA[<p>This software package contains the following firmware versions:</p>

<table border="1" cellpadding="1" cellspacing="1">
	<tbody>
		<tr>
			<td><strong>Mellanox Ethernet Only Adapters</strong></td>
			<td><strong>Firmware Version</strong></td>
			<td><strong>PSID</strong></td>
		</tr>
		<tr>
			<td>HPE Ethernet 10Gb 2-port 546SFP+ Adapter (779793-B21)</td>
			<td>2.42.5044</td>
			<td>HP_1200111023</td>
		</tr>
		<tr>
			<td>HPE Ethernet 10Gb 2-port 546FLR-SFP+ Adapter (779799-B21)</td>
			<td>2.42.5044</td>
			<td>HP_2240110004</td>
		</tr>
		<tr>
			<td>HPE Ethernet 25Gb 2-port 640FLR-SFP28 Adapter (817749-B21)</td>
			<td>14.32.1010</td>
			<td>HP_2690110034</td>
		</tr>
		<tr>
			<td>HPE Ethernet 25Gb 2-port 640SFP28 Adapter (817753-B21)</td>
			<td>14.32.1010</td>
			<td>HP_2420110034</td>
		</tr>
		<tr>
			<td>HPE Ethernet 100Gb 1-port 842QSFP28 Adapter&nbsp;(874253-B21)</td>
			<td>16.35.1012</td>
			<td>HPE0000000014</td>
		</tr>
	</tbody>
</table>
]]>
</documentation_notes_xlate_part>
    </documentation_notes_xlate>
    <documentation_notes_xlate lang="ja">
      <documentation_notes_xlate_part>
<![CDATA[<p>This software package contains the following firmware versions:</p>

<table border="1" cellpadding="1" cellspacing="1">
	<tbody>
		<tr>
			<td><strong>Mellanox Ethernet Only Adapters</strong></td>
			<td><strong>Firmware Version</strong></td>
			<td><strong>PSID</strong></td>
		</tr>
		<tr>
			<td>HPE Ethernet 10Gb 2-port 546SFP+ Adapter (779793-B21)</td>
			<td>2.42.5044</td>
			<td>HP_1200111023</td>
		</tr>
		<tr>
			<td>HPE Ethernet 10Gb 2-port 546FLR-SFP+ Adapter (779799-B21)</td>
			<td>2.42.5044</td>
			<td>HP_2240110004</td>
		</tr>
		<tr>
			<td>HPE Ethernet 25Gb 2-port 640FLR-SFP28 Adapter (817749-B21)</td>
			<td>14.32.1010</td>
			<td>HP_2690110034</td>
		</tr>
		<tr>
			<td>HPE Ethernet 25Gb 2-port 640SFP28 Adapter (817753-B21)</td>
			<td>14.32.1010</td>
			<td>HP_2420110034</td>
		</tr>
		<tr>
			<td>HPE Ethernet 100Gb 1-port 842QSFP28 Adapter&nbsp;(874253-B21)</td>
			<td>16.35.1012</td>
			<td>HPE0000000014</td>
		</tr>
	</tbody>
</table>
]]>
</documentation_notes_xlate_part>
    </documentation_notes_xlate>
    <documentation_notes_xlate lang="ko">
      <documentation_notes_xlate_part>
<![CDATA[<p>This software package contains the following firmware versions:</p>

<table border="1" cellpadding="1" cellspacing="1">
	<tbody>
		<tr>
			<td><strong>Mellanox Ethernet Only Adapters</strong></td>
			<td><strong>Firmware Version</strong></td>
			<td><strong>PSID</strong></td>
		</tr>
		<tr>
			<td>HPE Ethernet 10Gb 2-port 546SFP+ Adapter (779793-B21)</td>
			<td>2.42.5044</td>
			<td>HP_1200111023</td>
		</tr>
		<tr>
			<td>HPE Ethernet 10Gb 2-port 546FLR-SFP+ Adapter (779799-B21)</td>
			<td>2.42.5044</td>
			<td>HP_2240110004</td>
		</tr>
		<tr>
			<td>HPE Ethernet 25Gb 2-port 640FLR-SFP28 Adapter (817749-B21)</td>
			<td>14.32.1010</td>
			<td>HP_2690110034</td>
		</tr>
		<tr>
			<td>HPE Ethernet 25Gb 2-port 640SFP28 Adapter (817753-B21)</td>
			<td>14.32.1010</td>
			<td>HP_2420110034</td>
		</tr>
		<tr>
			<td>HPE Ethernet 100Gb 1-port 842QSFP28 Adapter&nbsp;(874253-B21)</td>
			<td>16.35.1012</td>
			<td>HPE0000000014</td>
		</tr>
	</tbody>
</table>
]]>
</documentation_notes_xlate_part>
    </documentation_notes_xlate>
    <documentation_notes_xlate lang="tw">
      <documentation_notes_xlate_part>
<![CDATA[<p>This software package contains the following firmware versions:</p>

<table border="1" cellpadding="1" cellspacing="1">
	<tbody>
		<tr>
			<td><strong>Mellanox Ethernet Only Adapters</strong></td>
			<td><strong>Firmware Version</strong></td>
			<td><strong>PSID</strong></td>
		</tr>
		<tr>
			<td>HPE Ethernet 10Gb 2-port 546SFP+ Adapter (779793-B21)</td>
			<td>2.42.5044</td>
			<td>HP_1200111023</td>
		</tr>
		<tr>
			<td>HPE Ethernet 10Gb 2-port 546FLR-SFP+ Adapter (779799-B21)</td>
			<td>2.42.5044</td>
			<td>HP_2240110004</td>
		</tr>
		<tr>
			<td>HPE Ethernet 25Gb 2-port 640FLR-SFP28 Adapter (817749-B21)</td>
			<td>14.32.1010</td>
			<td>HP_2690110034</td>
		</tr>
		<tr>
			<td>HPE Ethernet 25Gb 2-port 640SFP28 Adapter (817753-B21)</td>
			<td>14.32.1010</td>
			<td>HP_2420110034</td>
		</tr>
		<tr>
			<td>HPE Ethernet 100Gb 1-port 842QSFP28 Adapter&nbsp;(874253-B21)</td>
			<td>16.35.1012</td>
			<td>HPE0000000014</td>
		</tr>
	</tbody>
</table>
]]>
</documentation_notes_xlate_part>
    </documentation_notes_xlate>
  </documentation_notes>
  <revision_history>
    <revision>
      <version value="1.0.2" revision="" type_of_change="1"/>
      <revision_enhancements_xlate lang="en">
        <revision_enhancements_xlate_part>
<![CDATA[<p><strong>Firmware for the following devices has been updated to 2.42.5044 :</strong></p>

<ul>
	<li>779799-B21 (HPE Ethernet 10G 2-port 546FLR-SFP+ Adapter)</li>
	<li>779793-B21 (HPE Ethernet 10G 2-port 546SFP+ Adapter)</li>
</ul>

<p><strong>Firmware for the following devices has been updated to 14.32.1010:</strong></p>

<ul>
	<li>817749-B21 (HPE Ethernet 25Gb 2-port 640FLR-SFP28 Adapter)</li>
	<li>817753-B21 (HPE Ethernet 25Gb 2-port 640SFP28 Adapter)</li>
</ul>

<p><strong>Firmware for the following device has been&nbsp;updated to 16.35.1012:</strong></p>

<ul>
	<li>874253-B21 (HPE Ethernet 100Gb 1-port 842QSFP28 Adapter)</li>
</ul>

<p>&nbsp;</p>

<p><strong>New features and changes included in version 14.32.1010:</strong></p>

<ul>
	<li>Added 3 new assert filters (Health buffer, NVlog, FW trace). The assert will be exposed now if its severity level is equal to or above the new filter.</li>
	<li>Enabled Rate Limit per VM instead of VM-TC. This capability is implemented by adding support to a new Scheduling element type: rate limit elements that will connect to the rate_limit and will share its &nbsp;rate limit.</li>
	<li>Added support for asymmetrical VFs per PF. To enable it:PF_NUM_OF_VF_VALID must be true, and PF_NUM_OF_VF to a non-zero value.</li>
	<li>Limited the external loopback speed to the used module&#39;s capabilities.</li>
	<li>Improved linkup time when using the fast linkup capability.</li>
	<li>Added support for the slow_restart and slow_restart_idle parameters to enable Zero Touch RoCE capability.</li>
</ul>

<p>.&nbsp; &nbsp; &nbsp; &nbsp; &nbsp; &nbsp; &nbsp; &nbsp; &nbsp; &nbsp; &nbsp; &nbsp; &nbsp; &nbsp; &nbsp; &nbsp; &nbsp; &nbsp; &nbsp; &nbsp; &nbsp; &nbsp; &nbsp; &nbsp; &nbsp; &nbsp; &nbsp; &nbsp; &nbsp; &nbsp; &nbsp; &nbsp; &nbsp; &nbsp; &nbsp; &nbsp; &nbsp; &nbsp; &nbsp; &nbsp; &nbsp; &nbsp; &nbsp; &nbsp; &nbsp; &nbsp; &nbsp; &nbsp; &nbsp; &nbsp; &nbsp; &nbsp; &nbsp; &nbsp; &nbsp; &nbsp; &nbsp; &nbsp; &nbsp;&nbsp;</p>

<p><strong>New features and changes included in version 16.35.1012:</strong></p>

<ul>
	<li>Added support for copy modify header steering action to/from the UDP field.</li>
	<li>Enabled ADP timer to allow the user to configure RC or DC qp_timeout values lower than 16.</li>
	<li>QoS priority trust default state can now be changed using the new nvconfig below:
	<ul>
		<li>QOS_TRUST_STATE_P1</li>
		<li>QOS_TRUST_STATE_P2</li>
	</ul>
	</li>
</ul>

<p style="margin-left:40px">The values that can be used to set the default state are:</p>

<ul style="margin-left:40px">
	<li>TRUST_PORT</li>
	<li>TRUST_PCP</li>
	<li>TRUST_DSCP</li>
	<li>TRUST_DSCP_PCP</li>
</ul>
]]>
</revision_enhancements_xlate_part>
      </revision_enhancements_xlate>
      <revision_enhancements_xlate lang="cn">
        <revision_enhancements_xlate_part>
<![CDATA[<p><strong>Firmware for the following devices has been updated to 2.42.5044 :</strong></p>

<ul>
	<li>779799-B21 (HPE Ethernet 10G 2-port 546FLR-SFP+ Adapter)</li>
	<li>779793-B21 (HPE Ethernet 10G 2-port 546SFP+ Adapter)</li>
</ul>

<p><strong>Firmware for the following devices has been updated to 14.32.1010:</strong></p>

<ul>
	<li>817749-B21 (HPE Ethernet 25Gb 2-port 640FLR-SFP28 Adapter)</li>
	<li>817753-B21 (HPE Ethernet 25Gb 2-port 640SFP28 Adapter)</li>
</ul>

<p><strong>Firmware for the following device has been&nbsp;updated to 16.35.1012:</strong></p>

<ul>
	<li>874253-B21 (HPE Ethernet 100Gb 1-port 842QSFP28 Adapter)</li>
</ul>

<p>&nbsp;</p>

<p><strong>New features and changes included in version 14.32.1010:</strong></p>

<ul>
	<li>Added 3 new assert filters (Health buffer, NVlog, FW trace). The assert will be exposed now if its severity level is equal to or above the new filter.</li>
	<li>Enabled Rate Limit per VM instead of VM-TC. This capability is implemented by adding support to a new Scheduling element type: rate limit elements that will connect to the rate_limit and will share its &nbsp;rate limit.</li>
	<li>Added support for asymmetrical VFs per PF. To enable it:PF_NUM_OF_VF_VALID must be true, and PF_NUM_OF_VF to a non-zero value.</li>
	<li>Limited the external loopback speed to the used module&#39;s capabilities.</li>
	<li>Improved linkup time when using the fast linkup capability.</li>
	<li>Added support for the slow_restart and slow_restart_idle parameters to enable Zero Touch RoCE capability.</li>
</ul>

<p>.&nbsp; &nbsp; &nbsp; &nbsp; &nbsp; &nbsp; &nbsp; &nbsp; &nbsp; &nbsp; &nbsp; &nbsp; &nbsp; &nbsp; &nbsp; &nbsp; &nbsp; &nbsp; &nbsp; &nbsp; &nbsp; &nbsp; &nbsp; &nbsp; &nbsp; &nbsp; &nbsp; &nbsp; &nbsp; &nbsp; &nbsp; &nbsp; &nbsp; &nbsp; &nbsp; &nbsp; &nbsp; &nbsp; &nbsp; &nbsp; &nbsp; &nbsp; &nbsp; &nbsp; &nbsp; &nbsp; &nbsp; &nbsp; &nbsp; &nbsp; &nbsp; &nbsp; &nbsp; &nbsp; &nbsp; &nbsp; &nbsp; &nbsp; &nbsp;&nbsp;</p>

<p><strong>New features and changes included in version 16.35.1012:</strong></p>

<ul>
	<li>Added support for copy modify header steering action to/from the UDP field.</li>
	<li>Enabled ADP timer to allow the user to configure RC or DC qp_timeout values lower than 16.</li>
	<li>QoS priority trust default state can now be changed using the new nvconfig below:
	<ul>
		<li>QOS_TRUST_STATE_P1</li>
		<li>QOS_TRUST_STATE_P2</li>
	</ul>
	</li>
</ul>

<p style="margin-left:40px">The values that can be used to set the default state are:</p>

<ul style="margin-left:40px">
	<li>TRUST_PORT</li>
	<li>TRUST_PCP</li>
	<li>TRUST_DSCP</li>
	<li>TRUST_DSCP_PCP</li>
</ul>
]]>
</revision_enhancements_xlate_part>
      </revision_enhancements_xlate>
      <revision_enhancements_xlate lang="ja">
        <revision_enhancements_xlate_part>
<![CDATA[<p><strong>Firmware for the following devices has been updated to 2.42.5044 :</strong></p>

<ul>
	<li>779799-B21 (HPE Ethernet 10G 2-port 546FLR-SFP+ Adapter)</li>
	<li>779793-B21 (HPE Ethernet 10G 2-port 546SFP+ Adapter)</li>
</ul>

<p><strong>Firmware for the following devices has been updated to 14.32.1010:</strong></p>

<ul>
	<li>817749-B21 (HPE Ethernet 25Gb 2-port 640FLR-SFP28 Adapter)</li>
	<li>817753-B21 (HPE Ethernet 25Gb 2-port 640SFP28 Adapter)</li>
</ul>

<p><strong>Firmware for the following device has been&nbsp;updated to 16.35.1012:</strong></p>

<ul>
	<li>874253-B21 (HPE Ethernet 100Gb 1-port 842QSFP28 Adapter)</li>
</ul>

<p>&nbsp;</p>

<p><strong>New features and changes included in version 14.32.1010:</strong></p>

<ul>
	<li>Added 3 new assert filters (Health buffer, NVlog, FW trace). The assert will be exposed now if its severity level is equal to or above the new filter.</li>
	<li>Enabled Rate Limit per VM instead of VM-TC. This capability is implemented by adding support to a new Scheduling element type: rate limit elements that will connect to the rate_limit and will share its &nbsp;rate limit.</li>
	<li>Added support for asymmetrical VFs per PF. To enable it:PF_NUM_OF_VF_VALID must be true, and PF_NUM_OF_VF to a non-zero value.</li>
	<li>Limited the external loopback speed to the used module&#39;s capabilities.</li>
	<li>Improved linkup time when using the fast linkup capability.</li>
	<li>Added support for the slow_restart and slow_restart_idle parameters to enable Zero Touch RoCE capability.</li>
</ul>

<p>.&nbsp; &nbsp; &nbsp; &nbsp; &nbsp; &nbsp; &nbsp; &nbsp; &nbsp; &nbsp; &nbsp; &nbsp; &nbsp; &nbsp; &nbsp; &nbsp; &nbsp; &nbsp; &nbsp; &nbsp; &nbsp; &nbsp; &nbsp; &nbsp; &nbsp; &nbsp; &nbsp; &nbsp; &nbsp; &nbsp; &nbsp; &nbsp; &nbsp; &nbsp; &nbsp; &nbsp; &nbsp; &nbsp; &nbsp; &nbsp; &nbsp; &nbsp; &nbsp; &nbsp; &nbsp; &nbsp; &nbsp; &nbsp; &nbsp; &nbsp; &nbsp; &nbsp; &nbsp; &nbsp; &nbsp; &nbsp; &nbsp; &nbsp; &nbsp;&nbsp;</p>

<p><strong>New features and changes included in version 16.35.1012:</strong></p>

<ul>
	<li>Added support for copy modify header steering action to/from the UDP field.</li>
	<li>Enabled ADP timer to allow the user to configure RC or DC qp_timeout values lower than 16.</li>
	<li>QoS priority trust default state can now be changed using the new nvconfig below:
	<ul>
		<li>QOS_TRUST_STATE_P1</li>
		<li>QOS_TRUST_STATE_P2</li>
	</ul>
	</li>
</ul>

<p style="margin-left:40px">The values that can be used to set the default state are:</p>

<ul style="margin-left:40px">
	<li>TRUST_PORT</li>
	<li>TRUST_PCP</li>
	<li>TRUST_DSCP</li>
	<li>TRUST_DSCP_PCP</li>
</ul>
]]>
</revision_enhancements_xlate_part>
      </revision_enhancements_xlate>
      <revision_enhancements_xlate lang="ko">
        <revision_enhancements_xlate_part>
<![CDATA[<p><strong>Firmware for the following devices has been updated to 2.42.5044 :</strong></p>

<ul>
	<li>779799-B21 (HPE Ethernet 10G 2-port 546FLR-SFP+ Adapter)</li>
	<li>779793-B21 (HPE Ethernet 10G 2-port 546SFP+ Adapter)</li>
</ul>

<p><strong>Firmware for the following devices has been updated to 14.32.1010:</strong></p>

<ul>
	<li>817749-B21 (HPE Ethernet 25Gb 2-port 640FLR-SFP28 Adapter)</li>
	<li>817753-B21 (HPE Ethernet 25Gb 2-port 640SFP28 Adapter)</li>
</ul>

<p><strong>Firmware for the following device has been&nbsp;updated to 16.35.1012:</strong></p>

<ul>
	<li>874253-B21 (HPE Ethernet 100Gb 1-port 842QSFP28 Adapter)</li>
</ul>

<p>&nbsp;</p>

<p><strong>New features and changes included in version 14.32.1010:</strong></p>

<ul>
	<li>Added 3 new assert filters (Health buffer, NVlog, FW trace). The assert will be exposed now if its severity level is equal to or above the new filter.</li>
	<li>Enabled Rate Limit per VM instead of VM-TC. This capability is implemented by adding support to a new Scheduling element type: rate limit elements that will connect to the rate_limit and will share its &nbsp;rate limit.</li>
	<li>Added support for asymmetrical VFs per PF. To enable it:PF_NUM_OF_VF_VALID must be true, and PF_NUM_OF_VF to a non-zero value.</li>
	<li>Limited the external loopback speed to the used module&#39;s capabilities.</li>
	<li>Improved linkup time when using the fast linkup capability.</li>
	<li>Added support for the slow_restart and slow_restart_idle parameters to enable Zero Touch RoCE capability.</li>
</ul>

<p>.&nbsp; &nbsp; &nbsp; &nbsp; &nbsp; &nbsp; &nbsp; &nbsp; &nbsp; &nbsp; &nbsp; &nbsp; &nbsp; &nbsp; &nbsp; &nbsp; &nbsp; &nbsp; &nbsp; &nbsp; &nbsp; &nbsp; &nbsp; &nbsp; &nbsp; &nbsp; &nbsp; &nbsp; &nbsp; &nbsp; &nbsp; &nbsp; &nbsp; &nbsp; &nbsp; &nbsp; &nbsp; &nbsp; &nbsp; &nbsp; &nbsp; &nbsp; &nbsp; &nbsp; &nbsp; &nbsp; &nbsp; &nbsp; &nbsp; &nbsp; &nbsp; &nbsp; &nbsp; &nbsp; &nbsp; &nbsp; &nbsp; &nbsp; &nbsp;&nbsp;</p>

<p><strong>New features and changes included in version 16.35.1012:</strong></p>

<ul>
	<li>Added support for copy modify header steering action to/from the UDP field.</li>
	<li>Enabled ADP timer to allow the user to configure RC or DC qp_timeout values lower than 16.</li>
	<li>QoS priority trust default state can now be changed using the new nvconfig below:
	<ul>
		<li>QOS_TRUST_STATE_P1</li>
		<li>QOS_TRUST_STATE_P2</li>
	</ul>
	</li>
</ul>

<p style="margin-left:40px">The values that can be used to set the default state are:</p>

<ul style="margin-left:40px">
	<li>TRUST_PORT</li>
	<li>TRUST_PCP</li>
	<li>TRUST_DSCP</li>
	<li>TRUST_DSCP_PCP</li>
</ul>
]]>
</revision_enhancements_xlate_part>
      </revision_enhancements_xlate>
      <revision_enhancements_xlate lang="tw">
        <revision_enhancements_xlate_part>
<![CDATA[<p><strong>Firmware for the following devices has been updated to 2.42.5044 :</strong></p>

<ul>
	<li>779799-B21 (HPE Ethernet 10G 2-port 546FLR-SFP+ Adapter)</li>
	<li>779793-B21 (HPE Ethernet 10G 2-port 546SFP+ Adapter)</li>
</ul>

<p><strong>Firmware for the following devices has been updated to 14.32.1010:</strong></p>

<ul>
	<li>817749-B21 (HPE Ethernet 25Gb 2-port 640FLR-SFP28 Adapter)</li>
	<li>817753-B21 (HPE Ethernet 25Gb 2-port 640SFP28 Adapter)</li>
</ul>

<p><strong>Firmware for the following device has been&nbsp;updated to 16.35.1012:</strong></p>

<ul>
	<li>874253-B21 (HPE Ethernet 100Gb 1-port 842QSFP28 Adapter)</li>
</ul>

<p>&nbsp;</p>

<p><strong>New features and changes included in version 14.32.1010:</strong></p>

<ul>
	<li>Added 3 new assert filters (Health buffer, NVlog, FW trace). The assert will be exposed now if its severity level is equal to or above the new filter.</li>
	<li>Enabled Rate Limit per VM instead of VM-TC. This capability is implemented by adding support to a new Scheduling element type: rate limit elements that will connect to the rate_limit and will share its &nbsp;rate limit.</li>
	<li>Added support for asymmetrical VFs per PF. To enable it:PF_NUM_OF_VF_VALID must be true, and PF_NUM_OF_VF to a non-zero value.</li>
	<li>Limited the external loopback speed to the used module&#39;s capabilities.</li>
	<li>Improved linkup time when using the fast linkup capability.</li>
	<li>Added support for the slow_restart and slow_restart_idle parameters to enable Zero Touch RoCE capability.</li>
</ul>

<p>.&nbsp; &nbsp; &nbsp; &nbsp; &nbsp; &nbsp; &nbsp; &nbsp; &nbsp; &nbsp; &nbsp; &nbsp; &nbsp; &nbsp; &nbsp; &nbsp; &nbsp; &nbsp; &nbsp; &nbsp; &nbsp; &nbsp; &nbsp; &nbsp; &nbsp; &nbsp; &nbsp; &nbsp; &nbsp; &nbsp; &nbsp; &nbsp; &nbsp; &nbsp; &nbsp; &nbsp; &nbsp; &nbsp; &nbsp; &nbsp; &nbsp; &nbsp; &nbsp; &nbsp; &nbsp; &nbsp; &nbsp; &nbsp; &nbsp; &nbsp; &nbsp; &nbsp; &nbsp; &nbsp; &nbsp; &nbsp; &nbsp; &nbsp; &nbsp;&nbsp;</p>

<p><strong>New features and changes included in version 16.35.1012:</strong></p>

<ul>
	<li>Added support for copy modify header steering action to/from the UDP field.</li>
	<li>Enabled ADP timer to allow the user to configure RC or DC qp_timeout values lower than 16.</li>
	<li>QoS priority trust default state can now be changed using the new nvconfig below:
	<ul>
		<li>QOS_TRUST_STATE_P1</li>
		<li>QOS_TRUST_STATE_P2</li>
	</ul>
	</li>
</ul>

<p style="margin-left:40px">The values that can be used to set the default state are:</p>

<ul style="margin-left:40px">
	<li>TRUST_PORT</li>
	<li>TRUST_PCP</li>
	<li>TRUST_DSCP</li>
	<li>TRUST_DSCP_PCP</li>
</ul>
]]>
</revision_enhancements_xlate_part>
      </revision_enhancements_xlate>
      <revision_fixes_xlate lang="en">
        <revision_fixes_xlate_part>
<![CDATA[<p><strong>The following issues have been fixed in version 2.42.5044 :</strong></p>

<ul>
	<li>An issue that prevented the firmware from detecting a link_down event thus preventing the IB bond interface from going to a failover mode.</li>
</ul>

<p><strong>The following issues have been fixed in version 14.32.1010:</strong></p>

<ul>
	<li>Firmware got into an unresponsive state and caused unexpected behavior when connecting an optical transceiver that support RxLOS and the remote side port was down.</li>
	<li>The system could not create more than 128K QPs.</li>
	<li>On rare occasions, the system got into an unresponsive state when a peer port went down while using an Optical module.</li>
	<li>Packet Pacing rate was used if asymmetric VFs was enabled.</li>
	<li>Incorrect RNR timeout when trying to set it during the rts2rts_qp transition.</li>
	<li>Issue with RSS on IPSec flows in ConnectX-4 Lx led to performance degradation. In this scenario, the SPI optimization caused packets from a given host to hash to the same CPU core. The fix was to ignore SPI optimization according to l4_type in ConnectX-4 Lx adapter cards.</li>
	<li>The GetInventory NC-SI command reported leading 0xf in firmware version when it started with 0.</li>
</ul>

<p>&nbsp;</p>

<p><strong>The following issues have been fixed in version 16.35.1012:</strong></p>

<ul>
	<li>RDE (Redfish) PATCH operation to LLDPTransmit properties &quot;ManagementAddressIPv4&quot;, &quot;ManagementAddressIPv6&quot; and &quot;ManagementAddressMAC&quot; were applied only in the first attempt, but failed in the next.</li>
	<li>PLDM AEN event receiver media was changed unexpectedly and destination BDF was overridden with garbage when some PLDM packet were received from the SMBus layer.</li>
	<li>Bad configuration of number of VFs and SFs led to the consumption of too many functions and triggered a FW assert 0x888E. The reduction flows behavior was fixed to ensure the configuration does not exceed the total number of supported functions.&nbsp;</li>
	<li>InfiniBand L2 QP could not receive RDMA traffic occasionally.</li>
	<li>Running with a debug firmware reduced security as if token was applied.</li>
</ul>
]]>
</revision_fixes_xlate_part>
      </revision_fixes_xlate>
      <revision_fixes_xlate lang="cn">
        <revision_fixes_xlate_part>
<![CDATA[<p><strong>The following issues have been fixed in version 2.42.5044 :</strong></p>

<ul>
	<li>An issue that prevented the firmware from detecting a link_down event thus preventing the IB bond interface from going to a failover mode.</li>
</ul>

<p><strong>The following issues have been fixed in version 14.32.1010:</strong></p>

<ul>
	<li>Firmware got into an unresponsive state and caused unexpected behavior when connecting an optical transceiver that support RxLOS and the remote side port was down.</li>
	<li>The system could not create more than 128K QPs.</li>
	<li>On rare occasions, the system got into an unresponsive state when a peer port went down while using an Optical module.</li>
	<li>Packet Pacing rate was used if asymmetric VFs was enabled.</li>
	<li>Incorrect RNR timeout when trying to set it during the rts2rts_qp transition.</li>
	<li>Issue with RSS on IPSec flows in ConnectX-4 Lx led to performance degradation. In this scenario, the SPI optimization caused packets from a given host to hash to the same CPU core. The fix was to ignore SPI optimization according to l4_type in ConnectX-4 Lx adapter cards.</li>
	<li>The GetInventory NC-SI command reported leading 0xf in firmware version when it started with 0.</li>
</ul>

<p>&nbsp;</p>

<p><strong>The following issues have been fixed in version 16.35.1012:</strong></p>

<ul>
	<li>RDE (Redfish) PATCH operation to LLDPTransmit properties &quot;ManagementAddressIPv4&quot;, &quot;ManagementAddressIPv6&quot; and &quot;ManagementAddressMAC&quot; were applied only in the first attempt, but failed in the next.</li>
	<li>PLDM AEN event receiver media was changed unexpectedly and destination BDF was overridden with garbage when some PLDM packet were received from the SMBus layer.</li>
	<li>Bad configuration of number of VFs and SFs led to the consumption of too many functions and triggered a FW assert 0x888E. The reduction flows behavior was fixed to ensure the configuration does not exceed the total number of supported functions.&nbsp;</li>
	<li>InfiniBand L2 QP could not receive RDMA traffic occasionally.</li>
	<li>Running with a debug firmware reduced security as if token was applied.</li>
</ul>
]]>
</revision_fixes_xlate_part>
      </revision_fixes_xlate>
      <revision_fixes_xlate lang="ja">
        <revision_fixes_xlate_part>
<![CDATA[<p><strong>The following issues have been fixed in version 2.42.5044 :</strong></p>

<ul>
	<li>An issue that prevented the firmware from detecting a link_down event thus preventing the IB bond interface from going to a failover mode.</li>
</ul>

<p><strong>The following issues have been fixed in version 14.32.1010:</strong></p>

<ul>
	<li>Firmware got into an unresponsive state and caused unexpected behavior when connecting an optical transceiver that support RxLOS and the remote side port was down.</li>
	<li>The system could not create more than 128K QPs.</li>
	<li>On rare occasions, the system got into an unresponsive state when a peer port went down while using an Optical module.</li>
	<li>Packet Pacing rate was used if asymmetric VFs was enabled.</li>
	<li>Incorrect RNR timeout when trying to set it during the rts2rts_qp transition.</li>
	<li>Issue with RSS on IPSec flows in ConnectX-4 Lx led to performance degradation. In this scenario, the SPI optimization caused packets from a given host to hash to the same CPU core. The fix was to ignore SPI optimization according to l4_type in ConnectX-4 Lx adapter cards.</li>
	<li>The GetInventory NC-SI command reported leading 0xf in firmware version when it started with 0.</li>
</ul>

<p>&nbsp;</p>

<p><strong>The following issues have been fixed in version 16.35.1012:</strong></p>

<ul>
	<li>RDE (Redfish) PATCH operation to LLDPTransmit properties &quot;ManagementAddressIPv4&quot;, &quot;ManagementAddressIPv6&quot; and &quot;ManagementAddressMAC&quot; were applied only in the first attempt, but failed in the next.</li>
	<li>PLDM AEN event receiver media was changed unexpectedly and destination BDF was overridden with garbage when some PLDM packet were received from the SMBus layer.</li>
	<li>Bad configuration of number of VFs and SFs led to the consumption of too many functions and triggered a FW assert 0x888E. The reduction flows behavior was fixed to ensure the configuration does not exceed the total number of supported functions.&nbsp;</li>
	<li>InfiniBand L2 QP could not receive RDMA traffic occasionally.</li>
	<li>Running with a debug firmware reduced security as if token was applied.</li>
</ul>
]]>
</revision_fixes_xlate_part>
      </revision_fixes_xlate>
      <revision_fixes_xlate lang="ko">
        <revision_fixes_xlate_part>
<![CDATA[<p><strong>The following issues have been fixed in version 2.42.5044 :</strong></p>

<ul>
	<li>An issue that prevented the firmware from detecting a link_down event thus preventing the IB bond interface from going to a failover mode.</li>
</ul>

<p><strong>The following issues have been fixed in version 14.32.1010:</strong></p>

<ul>
	<li>Firmware got into an unresponsive state and caused unexpected behavior when connecting an optical transceiver that support RxLOS and the remote side port was down.</li>
	<li>The system could not create more than 128K QPs.</li>
	<li>On rare occasions, the system got into an unresponsive state when a peer port went down while using an Optical module.</li>
	<li>Packet Pacing rate was used if asymmetric VFs was enabled.</li>
	<li>Incorrect RNR timeout when trying to set it during the rts2rts_qp transition.</li>
	<li>Issue with RSS on IPSec flows in ConnectX-4 Lx led to performance degradation. In this scenario, the SPI optimization caused packets from a given host to hash to the same CPU core. The fix was to ignore SPI optimization according to l4_type in ConnectX-4 Lx adapter cards.</li>
	<li>The GetInventory NC-SI command reported leading 0xf in firmware version when it started with 0.</li>
</ul>

<p>&nbsp;</p>

<p><strong>The following issues have been fixed in version 16.35.1012:</strong></p>

<ul>
	<li>RDE (Redfish) PATCH operation to LLDPTransmit properties &quot;ManagementAddressIPv4&quot;, &quot;ManagementAddressIPv6&quot; and &quot;ManagementAddressMAC&quot; were applied only in the first attempt, but failed in the next.</li>
	<li>PLDM AEN event receiver media was changed unexpectedly and destination BDF was overridden with garbage when some PLDM packet were received from the SMBus layer.</li>
	<li>Bad configuration of number of VFs and SFs led to the consumption of too many functions and triggered a FW assert 0x888E. The reduction flows behavior was fixed to ensure the configuration does not exceed the total number of supported functions.&nbsp;</li>
	<li>InfiniBand L2 QP could not receive RDMA traffic occasionally.</li>
	<li>Running with a debug firmware reduced security as if token was applied.</li>
</ul>
]]>
</revision_fixes_xlate_part>
      </revision_fixes_xlate>
      <revision_fixes_xlate lang="tw">
        <revision_fixes_xlate_part>
<![CDATA[<p><strong>The following issues have been fixed in version 2.42.5044 :</strong></p>

<ul>
	<li>An issue that prevented the firmware from detecting a link_down event thus preventing the IB bond interface from going to a failover mode.</li>
</ul>

<p><strong>The following issues have been fixed in version 14.32.1010:</strong></p>

<ul>
	<li>Firmware got into an unresponsive state and caused unexpected behavior when connecting an optical transceiver that support RxLOS and the remote side port was down.</li>
	<li>The system could not create more than 128K QPs.</li>
	<li>On rare occasions, the system got into an unresponsive state when a peer port went down while using an Optical module.</li>
	<li>Packet Pacing rate was used if asymmetric VFs was enabled.</li>
	<li>Incorrect RNR timeout when trying to set it during the rts2rts_qp transition.</li>
	<li>Issue with RSS on IPSec flows in ConnectX-4 Lx led to performance degradation. In this scenario, the SPI optimization caused packets from a given host to hash to the same CPU core. The fix was to ignore SPI optimization according to l4_type in ConnectX-4 Lx adapter cards.</li>
	<li>The GetInventory NC-SI command reported leading 0xf in firmware version when it started with 0.</li>
</ul>

<p>&nbsp;</p>

<p><strong>The following issues have been fixed in version 16.35.1012:</strong></p>

<ul>
	<li>RDE (Redfish) PATCH operation to LLDPTransmit properties &quot;ManagementAddressIPv4&quot;, &quot;ManagementAddressIPv6&quot; and &quot;ManagementAddressMAC&quot; were applied only in the first attempt, but failed in the next.</li>
	<li>PLDM AEN event receiver media was changed unexpectedly and destination BDF was overridden with garbage when some PLDM packet were received from the SMBus layer.</li>
	<li>Bad configuration of number of VFs and SFs led to the consumption of too many functions and triggered a FW assert 0x888E. The reduction flows behavior was fixed to ensure the configuration does not exceed the total number of supported functions.&nbsp;</li>
	<li>InfiniBand L2 QP could not receive RDMA traffic occasionally.</li>
	<li>Running with a debug firmware reduced security as if token was applied.</li>
</ul>
]]>
</revision_fixes_xlate_part>
      </revision_fixes_xlate>
    </revision>
    <revision>
      <version value="1.0.0" revision="" type_of_change="1"/>
      <revision_enhancements_xlate lang="en">
        <revision_enhancements_xlate_part>
<![CDATA[<p><strong>Firmware for the following devices has been updated to 2.42.5044 :</strong></p>

<ul>
	<li>779799-B21 (HPE Ethernet 10G 2-port 546FLR-SFP+ Adapter)</li>
	<li>779793-B21 (HPE Ethernet 10G 2-port 546SFP+ Adapter)</li>
</ul>

<p><strong>Firmware for the following devices has been updated to 14.32.1010:</strong></p>

<ul>
	<li>817749-B21 (HPE Ethernet 25Gb 2-port 640FLR-SFP28 Adapter)</li>
	<li>817753-B21 (HPE Ethernet 25Gb 2-port 640SFP28 Adapter)</li>
</ul>

<p><strong>Firmware for the following device has been&nbsp;updated to 16.33.1048:</strong></p>

<ul>
	<li>874253-B21 (HPE Ethernet 100Gb 1-port 842QSFP28 Adapter)</li>
</ul>

<p>&nbsp;</p>

<p><strong>New features and changes included in version 14.32.1010:</strong></p>

<ul>
	<li>Added 3 new assert filters (Health buffer, NVlog, FW trace). The assert will be exposed now if its severity level is equal to or above the new filter.</li>
	<li>Enabled Rate Limit per VM instead of VM-TC. This capability is implemented by adding support to a new Scheduling element type: rate limit elements that will connect to the rate_limit and will share its &nbsp;rate limit.</li>
	<li>Added support for asymmetrical VFs per PF. To enable it:PF_NUM_OF_VF_VALID must be true, and PF_NUM_OF_VF to a non-zero value.</li>
	<li>Limited the external loopback speed to the used module&#39;s capabilities.</li>
	<li>Improved linkup time when using the fast linkup capability.</li>
	<li>Added support for the slow_restart and slow_restart_idle parameters to enable Zero Touch RoCE capability.</li>
</ul>

<p>.&nbsp; &nbsp; &nbsp; &nbsp; &nbsp; &nbsp; &nbsp; &nbsp; &nbsp; &nbsp; &nbsp; &nbsp; &nbsp; &nbsp; &nbsp; &nbsp; &nbsp; &nbsp; &nbsp; &nbsp; &nbsp; &nbsp; &nbsp; &nbsp; &nbsp; &nbsp; &nbsp; &nbsp; &nbsp; &nbsp; &nbsp; &nbsp; &nbsp; &nbsp; &nbsp; &nbsp; &nbsp; &nbsp; &nbsp; &nbsp; &nbsp; &nbsp; &nbsp; &nbsp; &nbsp; &nbsp; &nbsp; &nbsp; &nbsp; &nbsp; &nbsp; &nbsp; &nbsp; &nbsp; &nbsp; &nbsp; &nbsp; &nbsp; &nbsp;&nbsp;</p>

<p><strong>New features and changes included in version 16.33.1048:</strong></p>

<ul>
	<li>Added pci_rescan_needed field to the MFRL access register to indicate whether a PCI rescan is needed based on the NV configurations issued by the software.<br />
	Note: If the Keep Link Up NV configuration is changed, phyless reset will be blocked.</li>
	<li>Added a new MAD of class SMP that has the attributes hierarchy_Info as defined in the IB Specification and is used to query the hierarchy information stored on the node and the physical port.</li>
	<li>Added a new register (vhca_icm_ctrl access_reg) to enable querying and limiting the ICM pages in use.</li>
	<li>Enhanced the XRQ QP error information provided to the user in case QP goes into an error state. In such case, QUERY_QP will provide information on the syndrome type and which side caused the error.</li>
	<li>Replaced the deprecated NetworkPort schema with Port schema in NIC RDE implementation.</li>
	<li>Updated the ibstat status reported when the phy link is down. Now QUERY_VPORT_STATE.max_tx_speed of UPLINK will not be reported as 0 anymore.</li>
	<li>Disabled the option to send SMPs from unauthorized hosts.</li>
	<li>Enabled the option to modify the ip_ecn field in the packet header in firmware steering.</li>
	<li>Modified the TX or RX cache invalidation behavior. TX or RX cache invalidation now does not occur automatically but only when the software performs the sync operation using the using sync_steering command.</li>
	<li>Modified the maximum bulk size per single allocation from &quot;log_table_size - log_num_unisizes&quot;, to allocate any range size, to remove limitations that HWS objects such as counters and modify arguments might encounter.</li>
	<li>Enabled delay drop for hairpin packets. If a hairpin QP is created with delay_drop_en enabled, the feature will be enabled across all GVMIs, based on the delay drop status.</li>
</ul>
]]>
</revision_enhancements_xlate_part>
      </revision_enhancements_xlate>
      <revision_enhancements_xlate lang="cn">
        <revision_enhancements_xlate_part>
<![CDATA[<p><strong>Firmware for the following devices has been updated to 2.42.5044 :</strong></p>

<ul>
	<li>779799-B21 (HPE Ethernet 10G 2-port 546FLR-SFP+ Adapter)</li>
	<li>779793-B21 (HPE Ethernet 10G 2-port 546SFP+ Adapter)</li>
</ul>

<p><strong>Firmware for the following devices has been updated to 14.32.1010:</strong></p>

<ul>
	<li>817749-B21 (HPE Ethernet 25Gb 2-port 640FLR-SFP28 Adapter)</li>
	<li>817753-B21 (HPE Ethernet 25Gb 2-port 640SFP28 Adapter)</li>
</ul>

<p><strong>Firmware for the following device has been&nbsp;updated to 16.33.1048:</strong></p>

<ul>
	<li>874253-B21 (HPE Ethernet 100Gb 1-port 842QSFP28 Adapter)</li>
</ul>

<p>&nbsp;</p>

<p><strong>New features and changes included in version 14.32.1010:</strong></p>

<ul>
	<li>Added 3 new assert filters (Health buffer, NVlog, FW trace). The assert will be exposed now if its severity level is equal to or above the new filter.</li>
	<li>Enabled Rate Limit per VM instead of VM-TC. This capability is implemented by adding support to a new Scheduling element type: rate limit elements that will connect to the rate_limit and will share its &nbsp;rate limit.</li>
	<li>Added support for asymmetrical VFs per PF. To enable it:PF_NUM_OF_VF_VALID must be true, and PF_NUM_OF_VF to a non-zero value.</li>
	<li>Limited the external loopback speed to the used module&#39;s capabilities.</li>
	<li>Improved linkup time when using the fast linkup capability.</li>
	<li>Added support for the slow_restart and slow_restart_idle parameters to enable Zero Touch RoCE capability.</li>
</ul>

<p>.&nbsp; &nbsp; &nbsp; &nbsp; &nbsp; &nbsp; &nbsp; &nbsp; &nbsp; &nbsp; &nbsp; &nbsp; &nbsp; &nbsp; &nbsp; &nbsp; &nbsp; &nbsp; &nbsp; &nbsp; &nbsp; &nbsp; &nbsp; &nbsp; &nbsp; &nbsp; &nbsp; &nbsp; &nbsp; &nbsp; &nbsp; &nbsp; &nbsp; &nbsp; &nbsp; &nbsp; &nbsp; &nbsp; &nbsp; &nbsp; &nbsp; &nbsp; &nbsp; &nbsp; &nbsp; &nbsp; &nbsp; &nbsp; &nbsp; &nbsp; &nbsp; &nbsp; &nbsp; &nbsp; &nbsp; &nbsp; &nbsp; &nbsp; &nbsp;&nbsp;</p>

<p><strong>New features and changes included in version 16.33.1048:</strong></p>

<ul>
	<li>Added pci_rescan_needed field to the MFRL access register to indicate whether a PCI rescan is needed based on the NV configurations issued by the software.<br />
	Note: If the Keep Link Up NV configuration is changed, phyless reset will be blocked.</li>
	<li>Added a new MAD of class SMP that has the attributes hierarchy_Info as defined in the IB Specification and is used to query the hierarchy information stored on the node and the physical port.</li>
	<li>Added a new register (vhca_icm_ctrl access_reg) to enable querying and limiting the ICM pages in use.</li>
	<li>Enhanced the XRQ QP error information provided to the user in case QP goes into an error state. In such case, QUERY_QP will provide information on the syndrome type and which side caused the error.</li>
	<li>Replaced the deprecated NetworkPort schema with Port schema in NIC RDE implementation.</li>
	<li>Updated the ibstat status reported when the phy link is down. Now QUERY_VPORT_STATE.max_tx_speed of UPLINK will not be reported as 0 anymore.</li>
	<li>Disabled the option to send SMPs from unauthorized hosts.</li>
	<li>Enabled the option to modify the ip_ecn field in the packet header in firmware steering.</li>
	<li>Modified the TX or RX cache invalidation behavior. TX or RX cache invalidation now does not occur automatically but only when the software performs the sync operation using the using sync_steering command.</li>
	<li>Modified the maximum bulk size per single allocation from &quot;log_table_size - log_num_unisizes&quot;, to allocate any range size, to remove limitations that HWS objects such as counters and modify arguments might encounter.</li>
	<li>Enabled delay drop for hairpin packets. If a hairpin QP is created with delay_drop_en enabled, the feature will be enabled across all GVMIs, based on the delay drop status.</li>
</ul>
]]>
</revision_enhancements_xlate_part>
      </revision_enhancements_xlate>
      <revision_enhancements_xlate lang="ja">
        <revision_enhancements_xlate_part>
<![CDATA[<p><strong>Firmware for the following devices has been updated to 2.42.5044 :</strong></p>

<ul>
	<li>779799-B21 (HPE Ethernet 10G 2-port 546FLR-SFP+ Adapter)</li>
	<li>779793-B21 (HPE Ethernet 10G 2-port 546SFP+ Adapter)</li>
</ul>

<p><strong>Firmware for the following devices has been updated to 14.32.1010:</strong></p>

<ul>
	<li>817749-B21 (HPE Ethernet 25Gb 2-port 640FLR-SFP28 Adapter)</li>
	<li>817753-B21 (HPE Ethernet 25Gb 2-port 640SFP28 Adapter)</li>
</ul>

<p><strong>Firmware for the following device has been&nbsp;updated to 16.33.1048:</strong></p>

<ul>
	<li>874253-B21 (HPE Ethernet 100Gb 1-port 842QSFP28 Adapter)</li>
</ul>

<p>&nbsp;</p>

<p><strong>New features and changes included in version 14.32.1010:</strong></p>

<ul>
	<li>Added 3 new assert filters (Health buffer, NVlog, FW trace). The assert will be exposed now if its severity level is equal to or above the new filter.</li>
	<li>Enabled Rate Limit per VM instead of VM-TC. This capability is implemented by adding support to a new Scheduling element type: rate limit elements that will connect to the rate_limit and will share its &nbsp;rate limit.</li>
	<li>Added support for asymmetrical VFs per PF. To enable it:PF_NUM_OF_VF_VALID must be true, and PF_NUM_OF_VF to a non-zero value.</li>
	<li>Limited the external loopback speed to the used module&#39;s capabilities.</li>
	<li>Improved linkup time when using the fast linkup capability.</li>
	<li>Added support for the slow_restart and slow_restart_idle parameters to enable Zero Touch RoCE capability.</li>
</ul>

<p>.&nbsp; &nbsp; &nbsp; &nbsp; &nbsp; &nbsp; &nbsp; &nbsp; &nbsp; &nbsp; &nbsp; &nbsp; &nbsp; &nbsp; &nbsp; &nbsp; &nbsp; &nbsp; &nbsp; &nbsp; &nbsp; &nbsp; &nbsp; &nbsp; &nbsp; &nbsp; &nbsp; &nbsp; &nbsp; &nbsp; &nbsp; &nbsp; &nbsp; &nbsp; &nbsp; &nbsp; &nbsp; &nbsp; &nbsp; &nbsp; &nbsp; &nbsp; &nbsp; &nbsp; &nbsp; &nbsp; &nbsp; &nbsp; &nbsp; &nbsp; &nbsp; &nbsp; &nbsp; &nbsp; &nbsp; &nbsp; &nbsp; &nbsp; &nbsp;&nbsp;</p>

<p><strong>New features and changes included in version 16.33.1048:</strong></p>

<ul>
	<li>Added pci_rescan_needed field to the MFRL access register to indicate whether a PCI rescan is needed based on the NV configurations issued by the software.<br />
	Note: If the Keep Link Up NV configuration is changed, phyless reset will be blocked.</li>
	<li>Added a new MAD of class SMP that has the attributes hierarchy_Info as defined in the IB Specification and is used to query the hierarchy information stored on the node and the physical port.</li>
	<li>Added a new register (vhca_icm_ctrl access_reg) to enable querying and limiting the ICM pages in use.</li>
	<li>Enhanced the XRQ QP error information provided to the user in case QP goes into an error state. In such case, QUERY_QP will provide information on the syndrome type and which side caused the error.</li>
	<li>Replaced the deprecated NetworkPort schema with Port schema in NIC RDE implementation.</li>
	<li>Updated the ibstat status reported when the phy link is down. Now QUERY_VPORT_STATE.max_tx_speed of UPLINK will not be reported as 0 anymore.</li>
	<li>Disabled the option to send SMPs from unauthorized hosts.</li>
	<li>Enabled the option to modify the ip_ecn field in the packet header in firmware steering.</li>
	<li>Modified the TX or RX cache invalidation behavior. TX or RX cache invalidation now does not occur automatically but only when the software performs the sync operation using the using sync_steering command.</li>
	<li>Modified the maximum bulk size per single allocation from &quot;log_table_size - log_num_unisizes&quot;, to allocate any range size, to remove limitations that HWS objects such as counters and modify arguments might encounter.</li>
	<li>Enabled delay drop for hairpin packets. If a hairpin QP is created with delay_drop_en enabled, the feature will be enabled across all GVMIs, based on the delay drop status.</li>
</ul>
]]>
</revision_enhancements_xlate_part>
      </revision_enhancements_xlate>
      <revision_enhancements_xlate lang="ko">
        <revision_enhancements_xlate_part>
<![CDATA[<p><strong>Firmware for the following devices has been updated to 2.42.5044 :</strong></p>

<ul>
	<li>779799-B21 (HPE Ethernet 10G 2-port 546FLR-SFP+ Adapter)</li>
	<li>779793-B21 (HPE Ethernet 10G 2-port 546SFP+ Adapter)</li>
</ul>

<p><strong>Firmware for the following devices has been updated to 14.32.1010:</strong></p>

<ul>
	<li>817749-B21 (HPE Ethernet 25Gb 2-port 640FLR-SFP28 Adapter)</li>
	<li>817753-B21 (HPE Ethernet 25Gb 2-port 640SFP28 Adapter)</li>
</ul>

<p><strong>Firmware for the following device has been&nbsp;updated to 16.33.1048:</strong></p>

<ul>
	<li>874253-B21 (HPE Ethernet 100Gb 1-port 842QSFP28 Adapter)</li>
</ul>

<p>&nbsp;</p>

<p><strong>New features and changes included in version 14.32.1010:</strong></p>

<ul>
	<li>Added 3 new assert filters (Health buffer, NVlog, FW trace). The assert will be exposed now if its severity level is equal to or above the new filter.</li>
	<li>Enabled Rate Limit per VM instead of VM-TC. This capability is implemented by adding support to a new Scheduling element type: rate limit elements that will connect to the rate_limit and will share its &nbsp;rate limit.</li>
	<li>Added support for asymmetrical VFs per PF. To enable it:PF_NUM_OF_VF_VALID must be true, and PF_NUM_OF_VF to a non-zero value.</li>
	<li>Limited the external loopback speed to the used module&#39;s capabilities.</li>
	<li>Improved linkup time when using the fast linkup capability.</li>
	<li>Added support for the slow_restart and slow_restart_idle parameters to enable Zero Touch RoCE capability.</li>
</ul>

<p>.&nbsp; &nbsp; &nbsp; &nbsp; &nbsp; &nbsp; &nbsp; &nbsp; &nbsp; &nbsp; &nbsp; &nbsp; &nbsp; &nbsp; &nbsp; &nbsp; &nbsp; &nbsp; &nbsp; &nbsp; &nbsp; &nbsp; &nbsp; &nbsp; &nbsp; &nbsp; &nbsp; &nbsp; &nbsp; &nbsp; &nbsp; &nbsp; &nbsp; &nbsp; &nbsp; &nbsp; &nbsp; &nbsp; &nbsp; &nbsp; &nbsp; &nbsp; &nbsp; &nbsp; &nbsp; &nbsp; &nbsp; &nbsp; &nbsp; &nbsp; &nbsp; &nbsp; &nbsp; &nbsp; &nbsp; &nbsp; &nbsp; &nbsp; &nbsp;&nbsp;</p>

<p><strong>New features and changes included in version 16.33.1048:</strong></p>

<ul>
	<li>Added pci_rescan_needed field to the MFRL access register to indicate whether a PCI rescan is needed based on the NV configurations issued by the software.<br />
	Note: If the Keep Link Up NV configuration is changed, phyless reset will be blocked.</li>
	<li>Added a new MAD of class SMP that has the attributes hierarchy_Info as defined in the IB Specification and is used to query the hierarchy information stored on the node and the physical port.</li>
	<li>Added a new register (vhca_icm_ctrl access_reg) to enable querying and limiting the ICM pages in use.</li>
	<li>Enhanced the XRQ QP error information provided to the user in case QP goes into an error state. In such case, QUERY_QP will provide information on the syndrome type and which side caused the error.</li>
	<li>Replaced the deprecated NetworkPort schema with Port schema in NIC RDE implementation.</li>
	<li>Updated the ibstat status reported when the phy link is down. Now QUERY_VPORT_STATE.max_tx_speed of UPLINK will not be reported as 0 anymore.</li>
	<li>Disabled the option to send SMPs from unauthorized hosts.</li>
	<li>Enabled the option to modify the ip_ecn field in the packet header in firmware steering.</li>
	<li>Modified the TX or RX cache invalidation behavior. TX or RX cache invalidation now does not occur automatically but only when the software performs the sync operation using the using sync_steering command.</li>
	<li>Modified the maximum bulk size per single allocation from &quot;log_table_size - log_num_unisizes&quot;, to allocate any range size, to remove limitations that HWS objects such as counters and modify arguments might encounter.</li>
	<li>Enabled delay drop for hairpin packets. If a hairpin QP is created with delay_drop_en enabled, the feature will be enabled across all GVMIs, based on the delay drop status.</li>
</ul>
]]>
</revision_enhancements_xlate_part>
      </revision_enhancements_xlate>
      <revision_enhancements_xlate lang="tw">
        <revision_enhancements_xlate_part>
<![CDATA[<p><strong>Firmware for the following devices has been updated to 2.42.5044 :</strong></p>

<ul>
	<li>779799-B21 (HPE Ethernet 10G 2-port 546FLR-SFP+ Adapter)</li>
	<li>779793-B21 (HPE Ethernet 10G 2-port 546SFP+ Adapter)</li>
</ul>

<p><strong>Firmware for the following devices has been updated to 14.32.1010:</strong></p>

<ul>
	<li>817749-B21 (HPE Ethernet 25Gb 2-port 640FLR-SFP28 Adapter)</li>
	<li>817753-B21 (HPE Ethernet 25Gb 2-port 640SFP28 Adapter)</li>
</ul>

<p><strong>Firmware for the following device has been&nbsp;updated to 16.33.1048:</strong></p>

<ul>
	<li>874253-B21 (HPE Ethernet 100Gb 1-port 842QSFP28 Adapter)</li>
</ul>

<p>&nbsp;</p>

<p><strong>New features and changes included in version 14.32.1010:</strong></p>

<ul>
	<li>Added 3 new assert filters (Health buffer, NVlog, FW trace). The assert will be exposed now if its severity level is equal to or above the new filter.</li>
	<li>Enabled Rate Limit per VM instead of VM-TC. This capability is implemented by adding support to a new Scheduling element type: rate limit elements that will connect to the rate_limit and will share its &nbsp;rate limit.</li>
	<li>Added support for asymmetrical VFs per PF. To enable it:PF_NUM_OF_VF_VALID must be true, and PF_NUM_OF_VF to a non-zero value.</li>
	<li>Limited the external loopback speed to the used module&#39;s capabilities.</li>
	<li>Improved linkup time when using the fast linkup capability.</li>
	<li>Added support for the slow_restart and slow_restart_idle parameters to enable Zero Touch RoCE capability.</li>
</ul>

<p>.&nbsp; &nbsp; &nbsp; &nbsp; &nbsp; &nbsp; &nbsp; &nbsp; &nbsp; &nbsp; &nbsp; &nbsp; &nbsp; &nbsp; &nbsp; &nbsp; &nbsp; &nbsp; &nbsp; &nbsp; &nbsp; &nbsp; &nbsp; &nbsp; &nbsp; &nbsp; &nbsp; &nbsp; &nbsp; &nbsp; &nbsp; &nbsp; &nbsp; &nbsp; &nbsp; &nbsp; &nbsp; &nbsp; &nbsp; &nbsp; &nbsp; &nbsp; &nbsp; &nbsp; &nbsp; &nbsp; &nbsp; &nbsp; &nbsp; &nbsp; &nbsp; &nbsp; &nbsp; &nbsp; &nbsp; &nbsp; &nbsp; &nbsp; &nbsp;&nbsp;</p>

<p><strong>New features and changes included in version 16.33.1048:</strong></p>

<ul>
	<li>Added pci_rescan_needed field to the MFRL access register to indicate whether a PCI rescan is needed based on the NV configurations issued by the software.<br />
	Note: If the Keep Link Up NV configuration is changed, phyless reset will be blocked.</li>
	<li>Added a new MAD of class SMP that has the attributes hierarchy_Info as defined in the IB Specification and is used to query the hierarchy information stored on the node and the physical port.</li>
	<li>Added a new register (vhca_icm_ctrl access_reg) to enable querying and limiting the ICM pages in use.</li>
	<li>Enhanced the XRQ QP error information provided to the user in case QP goes into an error state. In such case, QUERY_QP will provide information on the syndrome type and which side caused the error.</li>
	<li>Replaced the deprecated NetworkPort schema with Port schema in NIC RDE implementation.</li>
	<li>Updated the ibstat status reported when the phy link is down. Now QUERY_VPORT_STATE.max_tx_speed of UPLINK will not be reported as 0 anymore.</li>
	<li>Disabled the option to send SMPs from unauthorized hosts.</li>
	<li>Enabled the option to modify the ip_ecn field in the packet header in firmware steering.</li>
	<li>Modified the TX or RX cache invalidation behavior. TX or RX cache invalidation now does not occur automatically but only when the software performs the sync operation using the using sync_steering command.</li>
	<li>Modified the maximum bulk size per single allocation from &quot;log_table_size - log_num_unisizes&quot;, to allocate any range size, to remove limitations that HWS objects such as counters and modify arguments might encounter.</li>
	<li>Enabled delay drop for hairpin packets. If a hairpin QP is created with delay_drop_en enabled, the feature will be enabled across all GVMIs, based on the delay drop status.</li>
</ul>
]]>
</revision_enhancements_xlate_part>
      </revision_enhancements_xlate>
      <revision_fixes_xlate lang="en">
        <revision_fixes_xlate_part>
<![CDATA[<p><strong>The following issues have been fixed in version 2.42.5044 :</strong></p>

<ul>
	<li>An issue that prevented the firmware from detecting a link_down event thus preventing the IB bond interface from going to a failover mode.</li>
</ul>

<p><strong>The following issues have been fixed in version 14.32.1010:</strong></p>

<ul>
	<li>Firmware got into an unresponsive state and caused unexpected behavior when connecting an optical transceiver that support RxLOS and the remote side port was down.</li>
	<li>The system could not create more than 128K QPs.</li>
	<li>On rare occasions, the system got into an unresponsive state when a peer port went down while using an Optical module.</li>
	<li>Packet Pacing rate was used if asymmetric VFs was enabled.</li>
	<li>Incorrect RNR timeout when trying to set it during the rts2rts_qp transition.</li>
	<li>Issue with RSS on IPSec flows in ConnectX-4 Lx led to performance degradation. In this scenario, the SPI optimization caused packets from a given host to hash to the same CPU core. The fix was to ignore SPI optimization according to l4_type in ConnectX-4 Lx adapter cards.</li>
	<li>The GetInventory NC-SI command reported leading 0xf in firmware version when it started with 0.</li>
</ul>

<p>&nbsp;</p>

<p><strong>The following issues have been fixed in version 16.33.1048:</strong></p>

<ul>
	<li>Rare lanes skew issue that caused CPU to timeout in Rec.idle.</li>
	<li>The card occasionally masked some PCIe AER reporting.</li>
	<li>Incorrect flow of credits blockage that prevented booting during DC cycle test.</li>
	<li>An issue with BMC medium migration from SMBUS to PCIe, and increased FIFOs to pass large packets in case of the migration.</li>
</ul>
]]>
</revision_fixes_xlate_part>
      </revision_fixes_xlate>
      <revision_fixes_xlate lang="cn">
        <revision_fixes_xlate_part>
<![CDATA[<p><strong>The following issues have been fixed in version 2.42.5044 :</strong></p>

<ul>
	<li>An issue that prevented the firmware from detecting a link_down event thus preventing the IB bond interface from going to a failover mode.</li>
</ul>

<p><strong>The following issues have been fixed in version 14.32.1010:</strong></p>

<ul>
	<li>Firmware got into an unresponsive state and caused unexpected behavior when connecting an optical transceiver that support RxLOS and the remote side port was down.</li>
	<li>The system could not create more than 128K QPs.</li>
	<li>On rare occasions, the system got into an unresponsive state when a peer port went down while using an Optical module.</li>
	<li>Packet Pacing rate was used if asymmetric VFs was enabled.</li>
	<li>Incorrect RNR timeout when trying to set it during the rts2rts_qp transition.</li>
	<li>Issue with RSS on IPSec flows in ConnectX-4 Lx led to performance degradation. In this scenario, the SPI optimization caused packets from a given host to hash to the same CPU core. The fix was to ignore SPI optimization according to l4_type in ConnectX-4 Lx adapter cards.</li>
	<li>The GetInventory NC-SI command reported leading 0xf in firmware version when it started with 0.</li>
</ul>

<p>&nbsp;</p>

<p><strong>The following issues have been fixed in version 16.33.1048:</strong></p>

<ul>
	<li>Rare lanes skew issue that caused CPU to timeout in Rec.idle.</li>
	<li>The card occasionally masked some PCIe AER reporting.</li>
	<li>Incorrect flow of credits blockage that prevented booting during DC cycle test.</li>
	<li>An issue with BMC medium migration from SMBUS to PCIe, and increased FIFOs to pass large packets in case of the migration.</li>
</ul>
]]>
</revision_fixes_xlate_part>
      </revision_fixes_xlate>
      <revision_fixes_xlate lang="ja">
        <revision_fixes_xlate_part>
<![CDATA[<p><strong>The following issues have been fixed in version 2.42.5044 :</strong></p>

<ul>
	<li>An issue that prevented the firmware from detecting a link_down event thus preventing the IB bond interface from going to a failover mode.</li>
</ul>

<p><strong>The following issues have been fixed in version 14.32.1010:</strong></p>

<ul>
	<li>Firmware got into an unresponsive state and caused unexpected behavior when connecting an optical transceiver that support RxLOS and the remote side port was down.</li>
	<li>The system could not create more than 128K QPs.</li>
	<li>On rare occasions, the system got into an unresponsive state when a peer port went down while using an Optical module.</li>
	<li>Packet Pacing rate was used if asymmetric VFs was enabled.</li>
	<li>Incorrect RNR timeout when trying to set it during the rts2rts_qp transition.</li>
	<li>Issue with RSS on IPSec flows in ConnectX-4 Lx led to performance degradation. In this scenario, the SPI optimization caused packets from a given host to hash to the same CPU core. The fix was to ignore SPI optimization according to l4_type in ConnectX-4 Lx adapter cards.</li>
	<li>The GetInventory NC-SI command reported leading 0xf in firmware version when it started with 0.</li>
</ul>

<p>&nbsp;</p>

<p><strong>The following issues have been fixed in version 16.33.1048:</strong></p>

<ul>
	<li>Rare lanes skew issue that caused CPU to timeout in Rec.idle.</li>
	<li>The card occasionally masked some PCIe AER reporting.</li>
	<li>Incorrect flow of credits blockage that prevented booting during DC cycle test.</li>
	<li>An issue with BMC medium migration from SMBUS to PCIe, and increased FIFOs to pass large packets in case of the migration.</li>
</ul>
]]>
</revision_fixes_xlate_part>
      </revision_fixes_xlate>
      <revision_fixes_xlate lang="ko">
        <revision_fixes_xlate_part>
<![CDATA[<p><strong>The following issues have been fixed in version 2.42.5044 :</strong></p>

<ul>
	<li>An issue that prevented the firmware from detecting a link_down event thus preventing the IB bond interface from going to a failover mode.</li>
</ul>

<p><strong>The following issues have been fixed in version 14.32.1010:</strong></p>

<ul>
	<li>Firmware got into an unresponsive state and caused unexpected behavior when connecting an optical transceiver that support RxLOS and the remote side port was down.</li>
	<li>The system could not create more than 128K QPs.</li>
	<li>On rare occasions, the system got into an unresponsive state when a peer port went down while using an Optical module.</li>
	<li>Packet Pacing rate was used if asymmetric VFs was enabled.</li>
	<li>Incorrect RNR timeout when trying to set it during the rts2rts_qp transition.</li>
	<li>Issue with RSS on IPSec flows in ConnectX-4 Lx led to performance degradation. In this scenario, the SPI optimization caused packets from a given host to hash to the same CPU core. The fix was to ignore SPI optimization according to l4_type in ConnectX-4 Lx adapter cards.</li>
	<li>The GetInventory NC-SI command reported leading 0xf in firmware version when it started with 0.</li>
</ul>

<p>&nbsp;</p>

<p><strong>The following issues have been fixed in version 16.33.1048:</strong></p>

<ul>
	<li>Rare lanes skew issue that caused CPU to timeout in Rec.idle.</li>
	<li>The card occasionally masked some PCIe AER reporting.</li>
	<li>Incorrect flow of credits blockage that prevented booting during DC cycle test.</li>
	<li>An issue with BMC medium migration from SMBUS to PCIe, and increased FIFOs to pass large packets in case of the migration.</li>
</ul>
]]>
</revision_fixes_xlate_part>
      </revision_fixes_xlate>
      <revision_fixes_xlate lang="tw">
        <revision_fixes_xlate_part>
<![CDATA[<p><strong>The following issues have been fixed in version 2.42.5044 :</strong></p>

<ul>
	<li>An issue that prevented the firmware from detecting a link_down event thus preventing the IB bond interface from going to a failover mode.</li>
</ul>

<p><strong>The following issues have been fixed in version 14.32.1010:</strong></p>

<ul>
	<li>Firmware got into an unresponsive state and caused unexpected behavior when connecting an optical transceiver that support RxLOS and the remote side port was down.</li>
	<li>The system could not create more than 128K QPs.</li>
	<li>On rare occasions, the system got into an unresponsive state when a peer port went down while using an Optical module.</li>
	<li>Packet Pacing rate was used if asymmetric VFs was enabled.</li>
	<li>Incorrect RNR timeout when trying to set it during the rts2rts_qp transition.</li>
	<li>Issue with RSS on IPSec flows in ConnectX-4 Lx led to performance degradation. In this scenario, the SPI optimization caused packets from a given host to hash to the same CPU core. The fix was to ignore SPI optimization according to l4_type in ConnectX-4 Lx adapter cards.</li>
	<li>The GetInventory NC-SI command reported leading 0xf in firmware version when it started with 0.</li>
</ul>

<p>&nbsp;</p>

<p><strong>The following issues have been fixed in version 16.33.1048:</strong></p>

<ul>
	<li>Rare lanes skew issue that caused CPU to timeout in Rec.idle.</li>
	<li>The card occasionally masked some PCIe AER reporting.</li>
	<li>Incorrect flow of credits blockage that prevented booting during DC cycle test.</li>
	<li>An issue with BMC medium migration from SMBUS to PCIe, and increased FIFOs to pass large packets in case of the migration.</li>
</ul>
]]>
</revision_fixes_xlate_part>
      </revision_fixes_xlate>
    </revision>
  </revision_history>
  <sw_keys>
    <sw_keys_and>
      <sw_key guid="" name="Mellanox_NIC">
        <sw_key_expectedpath>firmware:nic</sw_key_expectedpath>
      </sw_key>
    </sw_keys_and>
  </sw_keys>
<payload>
  <DeviceClass>757378B9-0016-4DEB-97DB-02BF1CD0B86A</DeviceClass>
  <Devices>
    <Device>
      <DeviceName>HPE Ethernet 10Gb 2-port 546FLR-SFP+ Adapter</DeviceName>
      <FirmwareImages>
        <DelayAfterInstallSec>1</DelayAfterInstallSec>
        <FileName>.//nic_fw//fw-ConnectX3Pro-full-rel-2_42_5044-779799-B21_Ax-CLP-8025-UEFI-14.11.48-FlexBoot-3.4.754.bin</FileName>
        <InstallDurationSec>360</InstallDurationSec>
        <Order>1</Order>
        <ResetRequired>True</ResetRequired>
        <Type>Firmware</Type>
        <UefiFlashable>False</UefiFlashable>
      </FirmwareImages>
      <Target>a6b1a447-382a-5a4f-15B3-1007103C8020</Target>
      <Version>2.42.5044</Version>
    </Device>
    <Device>
      <DeviceName>HPE Ethernet 10Gb 2-port 546SFP+ Adapter</DeviceName>
      <FirmwareImages>
        <DelayAfterInstallSec>1</DelayAfterInstallSec>
        <FileName>.//nic_fw//fw-ConnectX3Pro-full-rel-2_42_5044-779793-B21_0A-CLP-8025-UEFI-14.11.48-FlexBoot-3.4.754.bin</FileName>
        <InstallDurationSec>360</InstallDurationSec>
        <Order>1</Order>
        <ResetRequired>True</ResetRequired>
        <Type>Firmware</Type>
        <UefiFlashable>False</UefiFlashable>
      </FirmwareImages>
      <Target>a6b1a447-382a-5a4f-15B3-1007103C801F</Target>
      <Version>2.42.5044</Version>
    </Device>
    <Device>
      <DeviceName>HPE Ethernet 100Gb 1-port 842QSFP28 Adapter</DeviceName>
      <FirmwareImages>
        <DelayAfterInstallSec>1</DelayAfterInstallSec>
        <FileName>.//nic_fw//fw-ConnectX5-rel-16_35_1012-874253-B21_Ax-UEFI-14.28.15-FlexBoot-3.6.804.signed.bin</FileName>
        <InstallDurationSec>360</InstallDurationSec>
        <Order>1</Order>
        <ResetRequired>True</ResetRequired>
        <Type>Firmware</Type>
        <UefiFlashable>False</UefiFlashable>
      </FirmwareImages>
      <Target>a6b1a447-382a-5a4f-15B3-101715900246</Target>
      <Version>16.35.1012</Version>
    </Device>
    <Device>
      <DeviceName>HPE Ethernet 25Gb 2-port 640 FLR-SFP28 Adapter</DeviceName>
      <FirmwareImages>
        <DelayAfterInstallSec>1</DelayAfterInstallSec>
        <FileName>.//nic_fw//fw-ConnectX4Lx-rel-14_32_1010-817749-B21_Ax-UEFI-14.25.17-FlexBoot-3.6.502.bin</FileName>
        <InstallDurationSec>360</InstallDurationSec>
        <Order>1</Order>
        <ResetRequired>True</ResetRequired>
        <Type>Firmware</Type>
        <UefiFlashable>False</UefiFlashable>
      </FirmwareImages>
      <Target>a6b1a447-382a-5a4f-15B3-1015159000D3</Target>
      <Version>14.32.1010</Version>
    </Device>
    <Device>
      <DeviceName>HPE Ethernet 25Gb 2-port 640SFP28 Adapter</DeviceName>
      <FirmwareImages>
        <DelayAfterInstallSec>1</DelayAfterInstallSec>
        <FileName>.//nic_fw//fw-ConnectX4Lx-rel-14_32_1010-817753-B21_Ax-UEFI-14.25.17-FlexBoot-3.6.502.bin</FileName>
        <InstallDurationSec>360</InstallDurationSec>
        <Order>1</Order>
        <ResetRequired>True</ResetRequired>
        <Type>Firmware</Type>
        <UefiFlashable>False</UefiFlashable>
      </FirmwareImages>
      <Target>a6b1a447-382a-5a4f-15B3-1015159000D4</Target>
      <Version>14.32.1010</Version>
    </Device>
  </Devices>
  <Type>ComboFirmware</Type>
  <UpdatableBy>RuntimeAgent</UpdatableBy>
</payload>
  <prerequisites>
    <supported_operating_systems>
      <supported_operating_system platform="vmware_esx_server" major="8" minor="0" sr="OEM" name="VMware ESXi 8.0"/>
    </supported_operating_systems>
    <supported_devices>
      <supported_devices_and>
        <supported_device type="pci">
          <supported_device_data name="ven">15B3</supported_device_data>
          <supported_device_data name="dev">1007</supported_device_data>
          <supported_device_data name="subven">103C</supported_device_data>
          <supported_device_data name="subdev">8020</supported_device_data>
        </supported_device>
      </supported_devices_and>
      <supported_devices_and>
        <supported_device type="pci">
          <supported_device_data name="ven">15B3</supported_device_data>
          <supported_device_data name="dev">1007</supported_device_data>
          <supported_device_data name="subven">103C</supported_device_data>
          <supported_device_data name="subdev">801F</supported_device_data>
        </supported_device>
      </supported_devices_and>
      <supported_devices_and>
        <supported_device type="pci">
          <supported_device_data name="ven">15b3</supported_device_data>
          <supported_device_data name="dev">1017</supported_device_data>
          <supported_device_data name="subven">1590</supported_device_data>
          <supported_device_data name="subdev">0246</supported_device_data>
        </supported_device>
      </supported_devices_and>
      <supported_devices_and>
        <supported_device type="pci">
          <supported_device_data name="ven">15B3</supported_device_data>
          <supported_device_data name="dev">1015</supported_device_data>
          <supported_device_data name="subven">1590</supported_device_data>
          <supported_device_data name="subdev">00D3</supported_device_data>
        </supported_device>
      </supported_devices_and>
      <supported_devices_and>
        <supported_device type="pci">
          <supported_device_data name="ven">15B3</supported_device_data>
          <supported_device_data name="dev">1015</supported_device_data>
          <supported_device_data name="subven">1590</supported_device_data>
          <supported_device_data name="subdev">00D4</supported_device_data>
        </supported_device>
      </supported_devices_and>
    </supported_devices>
    <required_diskspace size_kb="8000"/>
  </prerequisites>
  <installation>
    <install>
      <install_caps silent="no" needuseracct="no"/>
      <command></command>
      <command_params></command_params>
      <reboot_required value="yes"/>
      <reboot_details value="Required">
        <reboot_details_xlate lang="en">Reboot is required after installation for updates to take effect and hardware stability to be maintained.</reboot_details_xlate>
        <reboot_details_xlate lang="cn">安装之后必须重启才能使更新生效并保持硬件稳定性。</reboot_details_xlate>
        <reboot_details_xlate lang="ja">アップデートの効果とハードウェアの安定を得るために、インストール後の再起動は必要です。</reboot_details_xlate>
        <reboot_details_xlate lang="ko">업데이트가 적용되고 하드웨어 안정성이 유지되려면 설치 후 재부팅해야 합니다.</reboot_details_xlate>
        <reboot_details_xlate lang="tw">安裝後必須重新啟動，更新才會生效，並維持硬體穩定。</reboot_details_xlate>
      </reboot_details>
      <per_device_install_time_seconds>360</per_device_install_time_seconds>
    </install>
    <uninstall>
      <uninstall_caps silent="no"/>
      <command></command>
      <command_params></command_params>
      <reboot_required value="no"/>
    </uninstall>
  </installation>
</cpq_package>
