{
    "Type": "ComboFirmware", 
    "UpdatableBy": [
        "RuntimeAgent"
    ], 
    "DeviceClass": "757378B9-0016-4DEB-97DB-02BF1CD0B86A", 
    "Devices": {
        "Device": [
            {
                "DeviceName": "HPE Ethernet 10Gb 2-port 546FLR-SFP+ Adapter", 
                "Target": "a6b1a447-382a-5a4f-15B3-1007103C8020", 
                "Version": "2.42.5044", 
                "FirmwareImages": [
                    {
                        "FileName": ".//nic_fw//fw-ConnectX3Pro-full-rel-2_42_5044-779799-B21_Ax-CLP-8025-UEFI-14.11.48-FlexBoot-3.4.754.bin", 
                        "Order": 1, 
                        "UefiFlashable": false, 
                        "Type": "Firmware", 
                        "ResetRequired": true, 
                        "DelayAfterInstallSec": 1, 
                        "InstallDurationSec": 360
                    }
                ]
            }, 
            {
                "DeviceName": "HPE Ethernet 10Gb 2-port 546SFP+ Adapter", 
                "Target": "a6b1a447-382a-5a4f-15B3-1007103C801F", 
                "Version": "2.42.5044", 
                "FirmwareImages": [
                    {
                        "FileName": ".//nic_fw//fw-ConnectX3Pro-full-rel-2_42_5044-779793-B21_0A-CLP-8025-UEFI-14.11.48-FlexBoot-3.4.754.bin", 
                        "Order": 1, 
                        "UefiFlashable": false, 
                        "Type": "Firmware", 
                        "ResetRequired": true, 
                        "DelayAfterInstallSec": 1, 
                        "InstallDurationSec": 360
                    }
                ]
            }, 
            {
                "DeviceName": "HPE Ethernet 100Gb 1-port 842QSFP28 Adapter", 
                "Target": "a6b1a447-382a-5a4f-15B3-101715900246", 
                "Version": "16.35.1012", 
                "FirmwareImages": [
                    {
                        "FileName": ".//nic_fw//fw-ConnectX5-rel-16_35_1012-874253-B21_Ax-UEFI-14.28.15-FlexBoot-3.6.804.signed.bin", 
                        "Order": 1, 
                        "UefiFlashable": false, 
                        "Type": "Firmware", 
                        "ResetRequired": true, 
                        "DelayAfterInstallSec": 1, 
                        "InstallDurationSec": 360
                    }
                ]
            }, 
            {
                "DeviceName": "HPE Ethernet 25Gb 2-port 640 FLR-SFP28 Adapter", 
                "Target": "a6b1a447-382a-5a4f-15B3-1015159000D3", 
                "Version": "14.32.1010", 
                "FirmwareImages": [
                    {
                        "FileName": ".//nic_fw//fw-ConnectX4Lx-rel-14_32_1010-817749-B21_Ax-UEFI-14.25.17-FlexBoot-3.6.502.bin", 
                        "Order": 1, 
                        "UefiFlashable": false, 
                        "Type": "Firmware", 
                        "ResetRequired": true, 
                        "DelayAfterInstallSec": 1, 
                        "InstallDurationSec": 360
                    }
                ]
            }, 
            {
                "DeviceName": "HPE Ethernet 25Gb 2-port 640SFP28 Adapter", 
                "Target": "a6b1a447-382a-5a4f-15B3-1015159000D4", 
                "Version": "14.32.1010", 
                "FirmwareImages": [
                    {
                        "FileName": ".//nic_fw//fw-ConnectX4Lx-rel-14_32_1010-817753-B21_Ax-UEFI-14.25.17-FlexBoot-3.6.502.bin", 
                        "Order": 1, 
                        "UefiFlashable": false, 
                        "Type": "Firmware", 
                        "ResetRequired": true, 
                        "DelayAfterInstallSec": 1, 
                        "InstallDurationSec": 360
                    }
                ]
            }
        ]
    }
}